architecture,task,method,comparator,raw_advantage,consistent_advantage,advantage_change,change_ci95_lo,change_ci95_hi,change_adjusted_lo,change_adjusted_hi,relative_change_percent,relative_ci95_lo,relative_ci95_hi,relative_adjusted_lo,relative_adjusted_hi,denominator_ci95_includes_zero,guided_raw_response,guided_consistent_response,random_raw_response,random_consistent_response
original_cnn,MI,saliency,uniform_random,0.03689519126841333,0.02957454339011565,-0.007320647878297677,-0.009034240787240558,-0.00559618070019219,-0.009871450164035468,-0.00466043276769896,-19.84173987618008,-24.97344538231034,-15.019742796329442,-27.25770543569683,-12.835630809584739,False,0.06002405640960205,0.06468782120277501,0.023128865141188726,0.03511327781265936
original_cnn,MI,saliency,amplitude_matched_random,0.028225646128976222,0.019682262448290203,-0.00854338368068602,-0.010222232068336464,-0.006796836141465067,-0.010941608872744658,-0.006067125271104833,-30.268159820495484,-36.80638393957337,-24.022549220740842,-40.063159732801566,-21.23488481602644,False,0.06002405640960205,0.06468782120277501,0.03179841028062583,0.04500555875448481
original_cnn,MI,saliency,time_shift_dose_matched,0.03245019759052957,0.03386277192562739,0.0014125743350978156,0.00041243574402578814,0.0024149486801351466,-4.755799614242313e-05,0.002864699267889773,4.353053109020416,1.2750786465240036,7.483021236237443,-0.1407238870039883,8.821064102642532,False,0.06002405640960205,0.06468782120277501,0.027573858819072483,0.030825049277147628
original_cnn,MI,saliency,time_shift_natural,0.033202993207654796,0.0349097887527987,0.0017067955451439047,0.0007024155015470118,0.002726827493941301,0.00023943273363981186,0.003218004381294907,5.140486987029865,2.116569461104071,8.263866418643827,0.7090771490220459,9.71778091750452,False,0.06002405640960205,0.06468782120277501,0.026821063201947253,0.02977803244997631
original_cnn,MI,input_gradient,uniform_random,0.05123638318077428,0.05003192303172909,-0.0012044601490451897,-0.003195831968713082,0.000797974025802341,-0.004196670688157157,0.0016257837885458992,-2.3507907355512674,-6.202054278229465,1.5804150222572353,-8.214693190790932,3.218729509913509,False,0.074365248321963,0.08514520084438845,0.023128865141188726,0.03511327781265936
original_cnn,MI,input_gradient,amplitude_matched_random,0.03109413991625479,0.023030216917948564,-0.008063922998306225,-0.010215521539544354,-0.005849128118207228,-0.011140594686972635,-0.004973792618515767,-25.933899506545682,-33.05537850959562,-18.846618437330946,-36.368579897724906,-15.795098000738628,False,0.074365248321963,0.08514520084438845,0.04327110840570822,0.06211498392643989
original_cnn,MI,input_gradient,time_shift_dose_matched,0.03733861089486163,0.04188083262191503,0.004542221727053402,0.0030915265876756168,0.00602247486674023,0.002414873873442169,0.006713566466724543,12.164945664002946,8.349290766700932,16.221992096854407,6.538685361874004,18.152432615866637,False,0.074365248321963,0.08514520084438845,0.037026637427101376,0.04326436822247342
original_cnn,MI,input_gradient,time_shift_natural,0.04502452860379708,0.05060608851464349,0.0055815599108464085,0.0041676242006789856,0.007053673428696494,0.003550491382294119,0.007713852768172184,12.396709269213083,9.258091641949925,15.796644838674606,7.9256904772242835,17.11278312348335,False,0.074365248321963,0.08514520084438845,0.029340719718165927,0.034539112329744964
original_cnn,MI,integrated_gradients,uniform_random,0.04953285118634813,0.0467230197782228,-0.002809831408125319,-0.004709280122478686,-0.0008692592898770272,-0.005463722524938854,-1.1256445130037693e-05,-5.672662366142459,-9.593657670636338,-1.7816471365940798,-11.184150565447899,-0.022272540744856024,False,0.07266171632753685,0.08183629759088216,0.023128865141188726,0.03511327781265936
original_cnn,MI,integrated_gradients,amplitude_matched_random,0.029010745884392238,0.01975034267864976,-0.009260403205742477,-0.011336732803435919,-0.007195541202391543,-0.012225793188900934,-0.006403361397745978,-31.92059674248006,-39.66291849402588,-24.79150425004314,-43.4693553914199,-21.966777910206186,False,0.07266171632753685,0.08183629759088216,0.043650970443144615,0.062085954912232406
original_cnn,MI,integrated_gradients,time_shift_dose_matched,0.03356159713267698,0.03609337160510768,0.0025317744724306975,0.001077041612207904,0.00403960865709414,0.00038856115525962503,0.004808027427635083,7.543665047947481,3.2235953283957532,12.073799054142183,1.2532101093075827,14.13208750751814,False,0.07266171632753685,0.08183629759088216,0.039100119194859874,0.045742925985774494
original_cnn,MI,integrated_gradients,time_shift_natural,0.04285676798009081,0.04664709826715989,0.0037903302870690822,0.0023806060396666003,0.005264665501183115,0.0016924733138576808,0.005986872403624866,8.844181364376071,5.568567719998089,12.34990062502268,4.03092359735704,13.976671571856162,False,0.07266171632753685,0.08183629759088216,0.029804948347446042,0.035189199323722276
original_cnn,CD,saliency,uniform_random,0.02760196808042201,0.022126813453207432,-0.005475154627214579,-0.006951572084439978,-0.004101758123673973,-0.007599815254636079,-0.003537879313613168,-19.836102307132546,-25.35794735690303,-14.915329445970961,-28.349485671381576,-12.793845753603636,False,0.046261217269813644,0.049741242538555525,0.01865924918939163,0.027614429085348093
original_cnn,CD,saliency,amplitude_matched_random,0.020157275043267874,0.013375042240295443,-0.006782232802972431,-0.00831410139979489,-0.0053408413934903365,-0.009018078724670128,-0.004660957659981036,-33.64657568254773,-42.19865143422097,-25.955782051028205,-46.83105943078443,-23.299136437009878,False,0.046261217269813644,0.049741242538555525,0.02610394222654577,0.036366200298260085
original_cnn,CD,saliency,time_shift_dose_matched,0.025212424689023464,0.026449608594753954,0.0012371839057304897,0.0003881808281934355,0.0021042377054687677,-3.2610798675735466e-05,0.0026114687844431533,4.907040560319899,1.5398801303706462,8.371215848688271,-0.12606749866360858,10.454778960793618,False,0.046261217269813644,0.049741242538555525,0.021048792580790177,0.02329163394380157
original_cnn,CD,saliency,time_shift_natural,0.024880511758710783,0.02610635960056243,0.001225847841851646,0.0004053328784528277,0.0020706545347253273,1.65857377345674e-05,0.0025464586874707823,4.92693982237914,1.6230947778523899,8.355592968249862,0.06896537177121871,10.259465163135546,False,0.046261217269813644,0.049741242538555525,0.02138070551110286,0.0236348829379931
original_cnn,CD,input_gradient,uniform_random,0.039455574508208885,0.03702235104297142,-0.002433223465237461,-0.00411039299792028,-0.0008232494186423535,-0.00493947615745077,-0.00019932953476204884,-6.166995400691022,-10.375972459325945,-2.105633774598169,-12.563675108426944,-0.5306752018118424,False,0.058114823697600515,0.06463678012831951,0.01865924918939163,0.027614429085348093
original_cnn,CD,input_gradient,amplitude_matched_random,0.023676785818403004,0.01683689385969774,-0.006839891958705266,-0.008746965077644563,-0.004980636174486061,-0.009704889594924984,-0.004129110881737414,-28.888600045488,-37.40684806113238,-21.067062915543108,-41.43019082265759,-17.782134979108047,False,0.058114823697600515,0.06463678012831951,0.03443803787919751,0.04779988626862178
original_cnn,CD,input_gradient,time_shift_dose_matched,0.029277672174684993,0.031198405735274718,0.0019207335605897242,0.0006495189645367644,0.0032114303499121886,0.0001347930269436495,0.0037951383444973555,6.5604039458112755,2.1906437533663463,11.157244199021246,0.43983131242547396,13.45931238388574,False,0.058114823697600515,0.06463678012831951,0.02883715152291552,0.0334383743930448
original_cnn,CD,input_gradient,time_shift_natural,0.0341200740577915,0.036643821875593854,0.0025237478178023595,0.0012830158601002041,0.0037709459004450756,0.0007153485230698306,0.004342450056816752,7.39666570924704,3.750411312023721,11.200857586607908,2.001647116467071,13.030372265201036,False,0.058114823697600515,0.06463678012831951,0.023994749639809014,0.027992958252725658
original_cnn,CD,integrated_gradients,uniform_random,0.03807275446456879,0.034904012342150965,-0.003168742122417825,-0.004758493564255695,-0.001596828086185361,-0.0056174833761850704,-0.0009414677196509488,-8.322860184352345,-12.499317920777207,-4.21614364138965,-14.623744241631659,-2.4751949059436917,False,0.05673200365396042,0.06251844142749906,0.01865924918939163,0.027614429085348093
original_cnn,CD,integrated_gradients,amplitude_matched_random,0.021626367949065754,0.015495605839809287,-0.0061307621092564655,-0.007922053899593447,-0.004315880613014816,-0.0088645720727977,-0.003459018644613445,-28.348551748012365,-36.49343861926183,-20.3443780651044,-40.968584314584035,-16.581122856023292,False,0.05673200365396042,0.06251844142749906,0.03510563570489467,0.04702283558768977
original_cnn,CD,integrated_gradients,time_shift_dose_matched,0.025936547304729173,0.026900031963123183,0.0009634846583940089,-0.0002673333500164516,0.002192360647102394,-0.0009425549438800017,0.0027960157460405356,3.714776092106642,-1.0282754618324104,8.552379700449176,-3.4994126227483076,10.597403925237431,False,0.05673200365396042,0.06251844142749906,0.030795456349231243,0.035618409464375875
original_cnn,CD,integrated_gradients,time_shift_natural,0.0323313184161234,0.034228346749034244,0.0018970283329108498,0.0006958588700170368,0.0031004321730542864,0.0001157656669612759,0.003693975405443842,5.867463579724653,2.1543802595110053,9.722920464211576,0.34463111571538707,11.430044470496375,False,0.05673200365396042,0.06251844142749906,0.024400685237837023,0.02829009467846481
residual_cnn,MI,saliency,uniform_random,0.03860313297114453,0.03331325327821014,-0.005289879692934391,-0.007036011195156006,-0.003535688933255382,-0.007827410448758917,-0.002722368022787802,-13.703239311919386,-18.453677053611997,-9.077089871066837,-20.620700058969195,-7.0280023465377495,False,0.06651769529813555,0.07487688439396516,0.027914562326991018,0.04156363111575501
residual_cnn,MI,saliency,amplitude_matched_random,0.027716335718019763,0.017393461950307026,-0.010322873767712735,-0.012235837431471348,-0.008472277920294256,-0.013092666546743102,-0.00768419821117013,-37.24472770403529,-44.66359498366395,-30.490260636111444,-48.01624629682229,-27.087652114115492,False,0.06651769529813555,0.07487688439396516,0.03880135958011579,0.05748342244365813
residual_cnn,MI,saliency,time_shift_dose_matched,0.03706410981315366,0.04054505165437695,0.0034809418412232846,0.002384873424311126,0.004558259796660012,0.0018793443102284055,0.0050907353109178,9.391677983826648,6.414779720589613,12.45883760668999,5.2252738410961195,13.679703891060916,False,0.06651769529813555,0.07487688439396516,0.029453585484981885,0.03433183273958821
residual_cnn,MI,saliency,time_shift_natural,0.04057651459579392,0.04461241940436594,0.004035904808572013,0.0029613599166637417,0.005096592769339528,0.002443536399897005,0.005625766405049217,9.946405818183226,7.2394157372540855,12.693633518123248,6.030791925411233,13.87018851253155,False,0.06651769529813555,0.07487688439396516,0.025941180702341627,0.03026446498959922
residual_cnn,MI,input_gradient,uniform_random,0.0588568866112505,0.05644233801734936,-0.002414548593901145,-0.00438886789638025,-0.00047168914572731825,-0.005384895665867473,0.00041425874637117805,-4.102406248310803,-7.467938813053093,-0.8014630151997851,-9.099531383549635,0.7359115160323155,False,0.08677144893824151,0.09800596913310437,0.027914562326991018,0.04156363111575501
residual_cnn,MI,input_gradient,amplitude_matched_random,0.03424954727627937,0.023580921401672186,-0.010668625874607186,-0.012786453997883503,-0.008557779931112055,-0.013687131930954704,-0.007741868140344866,-31.149684369685342,-37.402960507401446,-25.18008995609562,-40.70632986158898,-22.764079592456103,False,0.08677144893824151,0.09800596913310437,0.05252190166196215,0.07442504773143219
residual_cnn,MI,input_gradient,time_shift_dose_matched,0.04554950769461447,0.04844196186102818,0.0028924541664136997,0.0015678384386864767,0.0042452701727293506,0.0009869277109533431,0.004879272690121841,6.350132664014914,3.4406162542996923,9.352154730323834,2.1824187352584086,10.864449881548495,False,0.08677144893824151,0.09800596913310437,0.04122194124362704,0.049564007272076195
residual_cnn,MI,input_gradient,time_shift_natural,0.0563177037286996,0.06169852046497454,0.005380816736274937,0.004058257261926337,0.006713312850463215,0.0034529032296515046,0.007294494239681594,9.554396539667266,7.1891625000375114,12.055595309606662,6.016150389258269,13.278116797986202,False,0.08677144893824151,0.09800596913310437,0.030453745209541923,0.036307448668129835
residual_cnn,MI,integrated_gradients,uniform_random,0.06109405212495358,0.056825810673960406,-0.004268241450993173,-0.0062331736211647705,-0.002246190044719914,-0.006961458678451544,-0.001515919188449709,-6.986345319284903,-10.13940179045486,-3.735661921283553,-11.67284834218126,-2.495826251782513,False,0.08900861445194459,0.09838944178971543,0.027914562326991018,0.04156363111575501
residual_cnn,MI,integrated_gradients,amplitude_matched_random,0.03714768362843734,0.02648059615841157,-0.010667087470025764,-0.012752535369055072,-0.00854547311591139,-0.013861054594502896,-0.007575447958368249,-28.715350267115667,-34.32677518572622,-23.242619357479082,-36.6778170336635,-20.96508021004111,False,0.08900861445194459,0.09838944178971543,0.05186093082350726,0.07190884563130384
residual_cnn,MI,integrated_gradients,time_shift_dose_matched,0.04607599507538453,0.04696416091458195,0.0008881658391974269,-0.0004341900410933021,0.0022786304963867444,-0.0011329204506132654,0.002919675149951439,1.9276107607536346,-0.9564969580386731,4.952683315987592,-2.544919961414462,6.503649704309633,False,0.08900861445194459,0.09838944178971543,0.042932619376560066,0.05142528087513347
residual_cnn,MI,integrated_gradients,time_shift_natural,0.05800023865332514,0.06158553391146461,0.0035852952581394673,0.0023075977851699687,0.004929126458604104,0.0016037659210097594,0.005616734926040944,6.181518113346459,4.013595758508586,8.5575142940315,2.857470612172191,9.768109611859833,False,0.08900861445194459,0.09838944178971543,0.031008375798619453,0.03680390787825081
residual_cnn,CD,saliency,uniform_random,0.022658470890421768,0.01782497048477626,-0.0048335004056455095,-0.006087321495122945,-0.0035909375682667993,-0.006608165114365829,-0.002944300440103754,-21.33197967780225,-27.179164991284654,-15.916847125965093,-29.888638688136695,-13.36346664013923,False,0.041223132092525705,0.04261349185943618,0.018564661202103934,0.024788521374659922
residual_cnn,CD,saliency,amplitude_matched_random,0.01564879532167697,0.009467447341308798,-0.006181347980368173,-0.007680666280135097,-0.004711860339343161,-0.008425280524607224,-0.004030104623097467,-39.500471782678815,-49.77185933112693,-30.368051409155058,-54.28366540744612,-26.61431630539904,False,0.041223132092525705,0.04261349185943618,0.02557433677084873,0.03314604451812738
residual_cnn,CD,saliency,time_shift_dose_matched,0.022045974486117302,0.02195308213811586,-9.289234800144186e-05,-0.0008766289058102759,0.0006899142949226417,-0.001276072821767942,0.0010358917087282154,-0.4213574140709345,-3.9659589232834316,3.23265103181735,-5.549882258298063,4.83444261216883,False,0.041223132092525705,0.04261349185943618,0.0191771576064084,0.02066040972132032
residual_cnn,CD,saliency,time_shift_natural,0.023389879297305925,0.023403283558533074,1.3404261227151437e-05,-0.0007621476777753745,0.0007982301854223339,-0.001141630484928203,0.0011259753070820984,0.057307953823837625,-3.2168928214670203,3.5215513096663833,-4.820728946937566,4.898033332658574,False,0.041223132092525705,0.04261349185943618,0.017833252795219776,0.019210208300903104
residual_cnn,CD,input_gradient,uniform_random,0.03470699256527473,0.030618639411353343,-0.004088353153921389,-0.005535458208975336,-0.002629171192775923,-0.006201828172931927,-0.001954915569008626,-11.779623792618365,-16.002006007506868,-7.614377075063378,-17.838823053712645,-5.622734405228856,False,0.05327165376737866,0.055407160786013265,0.018564661202103934,0.024788521374659922
residual_cnn,CD,input_gradient,amplitude_matched_random,0.01743051562367509,0.010108493019599336,-0.007322022604075756,-0.008993688909559837,-0.0056619230525192035,-0.009838750465032122,-0.00498196896087496,-42.00691914202801,-51.20634084416468,-33.18316285079636,-55.23360109019262,-29.662746912496917,False,0.05327165376737866,0.055407160786013265,0.03584113814370357,0.045298667766413926
residual_cnn,CD,input_gradient,time_shift_dose_matched,0.02657337259288215,0.025595366075638594,-0.000978006517243557,-0.002097069875320858,0.0001543898238563997,-0.002613668418546217,0.0007087902402774082,-3.6804004227356613,-7.893901325660588,0.5882966483053387,-9.680568588158433,2.8492324268126024,False,0.05327165376737866,0.055407160786013265,0.026698281174496515,0.02981179471037467
residual_cnn,CD,input_gradient,time_shift_natural,0.03207258447922504,0.03170654590876802,-0.0003660385704570217,-0.0014505777804864005,0.0007562778920996604,-0.0019242442813982655,0.0012952018107878077,-1.1412818031366398,-4.528300423443005,2.3885841718152596,-6.130643489922585,4.274934377722265,False,0.05327165376737866,0.055407160786013265,0.021199069288153623,0.023700614877245244
residual_cnn,CD,integrated_gradients,uniform_random,0.03574128654004812,0.03102124630395292,-0.0047200402360952015,-0.006267899976486263,-0.0031726118651800644,-0.0071630461783352166,-0.0025412504577476537,-13.206128522560023,-17.42771684637323,-9.046533008474093,-19.59696776596492,-7.156304461637179,False,0.054305947742152055,0.05580976767861284,0.018564661202103934,0.024788521374659922
residual_cnn,CD,integrated_gradients,amplitude_matched_random,0.018977626248206435,0.012037663755894755,-0.006939962492311679,-0.008773303981286746,-0.005151515664444244,-0.009504510059000763,-0.0042955098008146085,-36.56918100053515,-45.30533738840347,-28.351215019153067,-49.50464575629331,-24.196748041742634,False,0.054305947742152055,0.05580976767861284,0.03532832149394562,0.04377210392271809
residual_cnn,CD,integrated_gradients,time_shift_dose_matched,0.027073953608969532,0.025994996667655867,-0.0010789569413136634,-0.0022258039671204637,8.043038420992082e-05,-0.002845622371210903,0.000594020531448687,-3.9852212089046635,-8.278959159711585,0.2901286053191916,-10.400025904404524,2.249762108897927,False,0.054305947742152055,0.05580976767861284,0.027231994133182526,0.029814771010956975
residual_cnn,CD,integrated_gradients,time_shift_natural,0.03318794500159493,0.032794571108761376,-0.00039337389283355153,-0.0015151887436673406,0.000744250035095819,-0.0021070297403867288,0.0012323042053837966,-1.1852915051373232,-4.5609549377565335,2.2820207377286765,-6.047573902252995,3.76926654667965,False,0.054305947742152055,0.05580976767861284,0.02111800274055713,0.02301519656985147
