architecture,task,method,mask,normal_energy_fraction,ci95_lo,ci95_hi
original_cnn,MI,saliency,guided,0.25067784734256565,0.24559259028751404,0.2557544896490872
original_cnn,MI,saliency,uniform_random,0.604331958413124,0.6005742720492185,0.608067499988526
original_cnn,MI,saliency,amplitude_matched_random,0.5802078418135643,0.5773721542201936,0.5829627761669457
original_cnn,MI,saliency,time_shift_dose_matched,0.2688369182944298,0.26428294836897415,0.27346826455220585
original_cnn,MI,saliency,time_shift_natural,0.2688369182944298,0.26428294836897415,0.27346826455220585
original_cnn,MI,input_gradient,guided,0.27835692635923626,0.2747619799681939,0.282034188697394
original_cnn,MI,input_gradient,uniform_random,0.604331958413124,0.6005742720492185,0.608067499988526
original_cnn,MI,input_gradient,amplitude_matched_random,0.5223565874546766,0.5191652442064136,0.5256888265602293
original_cnn,MI,input_gradient,time_shift_dose_matched,0.30812760509550574,0.304650630762987,0.3116867809662596
original_cnn,MI,input_gradient,time_shift_natural,0.30812760509550574,0.304650630762987,0.3116867809662596
original_cnn,MI,integrated_gradients,guided,0.27002033608779313,0.2659819590766915,0.2741578994747252
original_cnn,MI,integrated_gradients,uniform_random,0.604331958413124,0.6005742720492185,0.608067499988526
original_cnn,MI,integrated_gradients,amplitude_matched_random,0.5074220994859934,0.5036523309182377,0.5111017961844802
original_cnn,MI,integrated_gradients,time_shift_dose_matched,0.30458387038856743,0.3010100303636864,0.3082809843115509
original_cnn,MI,integrated_gradients,time_shift_natural,0.30458387038856743,0.3010100303636864,0.3082809843115509
original_cnn,CD,saliency,guided,0.2469272265639156,0.24200874249534676,0.25195272873234936
original_cnn,CD,saliency,uniform_random,0.604331958413124,0.6005742720492185,0.608067499988526
original_cnn,CD,saliency,amplitude_matched_random,0.579291091427207,0.5763683157503605,0.5822031988617034
original_cnn,CD,saliency,time_shift_dose_matched,0.2620101946145296,0.25763507317602635,0.2664490098614245
original_cnn,CD,saliency,time_shift_natural,0.2620101946145296,0.25763507317602635,0.2664490098614245
original_cnn,CD,input_gradient,guided,0.2719928027316928,0.2684689509876072,0.275619267972
original_cnn,CD,input_gradient,uniform_random,0.604331958413124,0.6005742720492185,0.608067499988526
original_cnn,CD,input_gradient,amplitude_matched_random,0.5236183522790671,0.5203198788285256,0.526903427610919
original_cnn,CD,input_gradient,time_shift_dose_matched,0.3036984841004014,0.3001902264770121,0.3071711353227496
original_cnn,CD,input_gradient,time_shift_natural,0.3036984841004014,0.3001902264770121,0.3071711353227496
original_cnn,CD,integrated_gradients,guided,0.2669412690848112,0.26305491409022363,0.2709585271989926
original_cnn,CD,integrated_gradients,uniform_random,0.604331958413124,0.6005742720492185,0.608067499988526
original_cnn,CD,integrated_gradients,amplitude_matched_random,0.5090177666842938,0.5052058016017078,0.512772047195211
original_cnn,CD,integrated_gradients,time_shift_dose_matched,0.3035789676979184,0.30014623045288025,0.30699760009516025
original_cnn,CD,integrated_gradients,time_shift_natural,0.3035789676979184,0.30014623045288025,0.30699760009516025
residual_cnn,MI,saliency,guided,0.20608071875479073,0.2012902501924662,0.21103302309901922
residual_cnn,MI,saliency,uniform_random,0.604331958413124,0.6005742720492185,0.608067499988526
residual_cnn,MI,saliency,amplitude_matched_random,0.5666842737197876,0.5636641009174288,0.5695937353447078
residual_cnn,MI,saliency,time_shift_dose_matched,0.2246417503617704,0.22016473623132324,0.22927587547665454
residual_cnn,MI,saliency,time_shift_natural,0.2246417503617704,0.22016473623132324,0.22927587547665454
residual_cnn,MI,input_gradient,guided,0.2484645211920142,0.2445987268693746,0.2522999093877152
residual_cnn,MI,input_gradient,uniform_random,0.604331958413124,0.6005742720492185,0.608067499988526
residual_cnn,MI,input_gradient,amplitude_matched_random,0.5116283409371972,0.5078287899136543,0.5152656143479051
residual_cnn,MI,input_gradient,time_shift_dose_matched,0.2768454204685986,0.2731451299752109,0.28063394492520016
residual_cnn,MI,input_gradient,time_shift_natural,0.2768454204685986,0.2731451299752109,0.28063394492520016
residual_cnn,MI,integrated_gradients,guided,0.24330479854159057,0.2393645971972961,0.2472805153693073
residual_cnn,MI,integrated_gradients,uniform_random,0.604331958413124,0.6005742720492185,0.608067499988526
residual_cnn,MI,integrated_gradients,amplitude_matched_random,0.5027932315021754,0.4986663501493632,0.5068781126130372
residual_cnn,MI,integrated_gradients,time_shift_dose_matched,0.27399164794385433,0.27034201706480226,0.27761366544011973
residual_cnn,MI,integrated_gradients,time_shift_natural,0.27399164794385433,0.27034201706480226,0.27761366544011973
residual_cnn,CD,saliency,guided,0.20134067361336203,0.19661162182062403,0.20620775861483998
residual_cnn,CD,saliency,uniform_random,0.604331958413124,0.6005742720492185,0.608067499988526
residual_cnn,CD,saliency,amplitude_matched_random,0.5701341011822224,0.5671525296784937,0.5730306690312922
residual_cnn,CD,saliency,time_shift_dose_matched,0.2217377630416304,0.21711237821453244,0.22643991300794294
residual_cnn,CD,saliency,time_shift_natural,0.2217377630416304,0.21711237821453244,0.22643991300794294
residual_cnn,CD,input_gradient,guided,0.2518991132862866,0.24820131989801303,0.2556876274384558
residual_cnn,CD,input_gradient,uniform_random,0.604331958413124,0.6005742720492185,0.608067499988526
residual_cnn,CD,input_gradient,amplitude_matched_random,0.5143631185889244,0.5107049248810857,0.51809007361494
residual_cnn,CD,input_gradient,time_shift_dose_matched,0.2809619168415666,0.2774696382561697,0.28446269585154954
residual_cnn,CD,input_gradient,time_shift_natural,0.2809619168415666,0.2774696382561697,0.28446269585154954
residual_cnn,CD,integrated_gradients,guided,0.24199628260545433,0.2382336067843251,0.2458932340170722
residual_cnn,CD,integrated_gradients,uniform_random,0.604331958413124,0.6005742720492185,0.608067499988526
residual_cnn,CD,integrated_gradients,amplitude_matched_random,0.5064615103453398,0.5025231135148555,0.5102771010369063
residual_cnn,CD,integrated_gradients,time_shift_dose_matched,0.2734439454525709,0.2697966593377292,0.2770573232007213
residual_cnn,CD,integrated_gradients,time_shift_natural,0.2734439454525709,0.2697966593377292,0.2770573232007213
