architecture,task,method,share_cells_sharing_window,distinct_windows,edge_window_fraction,lead_share_max,lead_share_min,shift_overlap_mean,indiv_shift_overlap_p95,indiv_shift_overlap_zero,avg_shift_overlap_p95,avg_shift_overlap_zero,natural_dose_ratio_mean
original_cnn,MI,saliency,0.89075,4.161666666666666,0.05380555555555556,0.2795,0.07233333333333332,0.09393333333333334,0.3333333333333333,0.5101333333333333,0.2,0.074,1.037851095199585
original_cnn,MI,input_gradient,0.8341944444444445,5.184666666666666,0.08908333333333333,0.32716666666666666,0.057499999999999996,0.1253166666666667,0.3333333333333333,0.34586666666666666,0.23333333333333334,0.022333333333333334,0.8182622194290161
original_cnn,MI,integrated_gradients,0.8397499999999999,5.124,0.18166666666666664,0.32866666666666666,0.057166666666666664,0.1247111111111111,0.3333333333333333,0.35673333333333335,0.25,0.025,0.7752200365066528
original_cnn,CD,saliency,0.88475,4.218666666666667,0.04933333333333333,0.29375,0.06194444444444445,0.09676666666666665,0.3333333333333333,0.5058,0.21666666666666665,0.08433333333333333,1.052505373954773
original_cnn,CD,input_gradient,0.8405277777777779,5.142333333333333,0.08361111111111112,0.3196388888888889,0.05516666666666666,0.12468888888888889,0.3333333333333333,0.3532,0.24999999999999994,0.023333333333333334,0.8241240382194519
original_cnn,CD,integrated_gradients,0.8420833333333332,5.143999999999999,0.16713888888888892,0.3239166666666667,0.05380555555555555,0.1261722222222222,0.3333333333333333,0.3612,0.25,0.023333333333333334,0.7838948965072632
residual_cnn,MI,saliency,0.9259722222222221,3.6543333333333337,0.07513888888888888,0.23066666666666666,0.09705555555555556,0.07875,0.3333333333333333,0.5968666666666667,0.16666666666666669,0.10966666666666666,0.9308502674102783
residual_cnn,MI,input_gradient,0.8644444444444442,4.733666666666667,0.11325,0.27719444444444447,0.08547222222222221,0.10964444444444445,0.3333333333333333,0.41786666666666666,0.21666666666666665,0.032,0.7785828113555908
residual_cnn,MI,integrated_gradients,0.8697222222222223,4.6816666666666675,0.17727777777777778,0.2846944444444444,0.07961111111111112,0.10867777777777779,0.3333333333333333,0.4254,0.21666666666666665,0.035,0.7601213455200195
residual_cnn,CD,saliency,0.9230555555555555,3.666,0.07633333333333334,0.23811111111111113,0.09166666666666667,0.0795388888888889,0.3333333333333333,0.5939333333333333,0.16749999999999546,0.11633333333333333,0.9473415613174438
residual_cnn,CD,input_gradient,0.8644722222222221,4.771333333333334,0.11761111111111111,0.2791666666666667,0.07591666666666666,0.11064444444444445,0.3333333333333333,0.4083333333333333,0.21666666666666665,0.023,0.7823964953422546
residual_cnn,CD,integrated_gradients,0.8719166666666668,4.682333333333333,0.1731666666666667,0.28538888888888886,0.06969444444444445,0.11043333333333334,0.3333333333333333,0.41606666666666664,0.21666666666666665,0.03233333333333333,0.7665587067604065
