architecture,seed,task,auroc,auprc
original_cnn,17,MI,0.8852643419572553,0.7589969471961759
original_cnn,17,CD,0.9130913938675751,0.803187491425942
original_cnn,29,MI,0.8929067690068153,0.7649558314494853
original_cnn,29,CD,0.9105732484076433,0.8263034562495468
original_cnn,43,MI,0.8882474249542336,0.7656195468966303
original_cnn,43,CD,0.9164331210191082,0.8200959622283905
residual_cnn,17,MI,0.9031518119058648,0.7829434013464803
residual_cnn,17,CD,0.9151592356687898,0.8207058388527582
residual_cnn,29,MI,0.9052195681422175,0.7819561139245738
residual_cnn,29,CD,0.92367352984743,0.8370455716098921
residual_cnn,43,MI,0.9090242396171067,0.789321624613453
residual_cnn,43,CD,0.9236913049918531,0.8371742361278492
