architecture,task,method,shift_minus_amplitude_advantage_change,ci95_lo,ci95_hi,absolute_loss_attenuation_fraction
original_cnn,MI,saliency,0.009955958015783835,0.008492159244042341,0.011394384607931077,1.1653413200078109
original_cnn,MI,input_gradient,0.012606144725359626,0.010763171072310066,0.014465703825683159,1.563276922163997
original_cnn,MI,integrated_gradients,0.011792177678173175,0.009890870166116839,0.013706695641233092,1.2733978657495946
original_cnn,CD,saliency,0.00801941670870292,0.006745686195075177,0.009375699355462709,1.1824154289112978
original_cnn,CD,input_gradient,0.00876062551929499,0.007259046498708268,0.010402547460571072,1.2808134356779084
original_cnn,CD,integrated_gradients,0.007094246767650475,0.005580579075929019,0.008667009363273971,1.1571557730056599
residual_cnn,MI,saliency,0.01380381560893602,0.012155851685123571,0.015512564653735171,1.3372066654646853
residual_cnn,MI,input_gradient,0.013561080041020886,0.011561504965292988,0.015501281174878652,1.2711177803411537
residual_cnn,MI,integrated_gradients,0.01155525330922319,0.009647574051791617,0.013517241459847808,1.0832622627022745
residual_cnn,CD,saliency,0.0060884556323667315,0.004784346319212669,0.007427747017697731,0.9849721535987837
residual_cnn,CD,input_gradient,0.006344016086832199,0.004860527242551643,0.00785863796594103,0.8664294594366376
residual_cnn,CD,integrated_gradients,0.005861005550998015,0.00423561386874435,0.007507252227028815,0.844529859850256
