architecture,task,method,comparator,mean_energy_gap_pp,sd_energy_gap_pp,mean_adv_change_points,rel_change_percent,spearman_rho,rho_lo,rho_hi,slope_points_per_pp,slope_lo,slope_hi
original_cnn,MI,saliency,uniform_random,35.36541,10.289935,-0.7320648,-19.841743,-0.10395658395658396,-0.16327070167070168,-0.04341177201177202,-0.016323481498883737,-0.031212571775204367,-0.002562973893104876
original_cnn,MI,saliency,amplitude_matched_random,32.952995,8.445778,-0.85433835,-30.268158,-0.07488087888087888,-0.13576267996267996,-0.01416878436878442,-0.01616374087910187,-0.03636495679238103,0.004224351868239441
original_cnn,MI,saliency,time_shift_dose_matched,1.8159072,5.070019,0.14125745,4.353054,-0.11116512316512317,-0.17257392127392127,-0.05082052152052154,-0.026226239740715473,-0.04468875244437322,-0.007143804226049103
original_cnn,MI,saliency,time_shift_natural,1.8159072,5.070019,0.17067955,5.1404867,-0.09463013863013862,-0.15695283725283726,-0.03391548871548877,-0.021897177486705693,-0.04045635246559284,-0.0021687319253196062
original_cnn,MI,input_gradient,uniform_random,32.597504,8.515083,-0.12044603,-2.3507912,-0.1334192414192414,-0.19530676350676351,-0.07287249177249182,-0.04578284866262892,-0.07184819965331898,-0.021580906399521323
original_cnn,MI,input_gradient,amplitude_matched_random,24.399965,6.9559717,-0.80639225,-25.933899,-0.1567884967884968,-0.2148946128946129,-0.09474561504561504,-0.06857429380081935,-0.09855057755931039,-0.03983677538754369
original_cnn,MI,input_gradient,time_shift_dose_matched,2.9770677,3.3871093,0.45422223,12.1649475,-0.04900780900780901,-0.11028057078057078,0.013856349056349016,-0.03974210806735843,-0.0891500587066131,0.015642487231783783
original_cnn,MI,input_gradient,time_shift_natural,2.9770677,3.3871093,0.558156,12.396709,-0.02983936183936184,-0.08844474174474175,0.02986475206475204,-0.027763069470354194,-0.07585844668308779,0.02418183156209766
original_cnn,MI,integrated_gradients,uniform_random,33.43116,8.965065,-0.28098315,-5.6726623,-0.17551841551841552,-0.23407841257841258,-0.11351113511113511,-0.03739060599116643,-0.06076720972857987,-0.014438683145265623
original_cnn,MI,integrated_gradients,amplitude_matched_random,23.740177,7.088268,-0.9260403,-31.920595,-0.10494467694467695,-0.16677947277947278,-0.037152870252870264,-0.052616009614532055,-0.08520853977455427,-0.017427169418489825
original_cnn,MI,integrated_gradients,time_shift_dose_matched,3.4563534,3.9815512,0.25317743,7.5436645,-0.05103150303150303,-0.1150035664035664,0.013458432258432162,-0.03172413200138235,-0.06540831548756311,0.0036556972412854025
original_cnn,MI,integrated_gradients,time_shift_natural,3.4563534,3.9815512,0.37903303,8.844182,-0.0317003357003357,-0.09748442308442308,0.030327059427059364,-0.023393592076547513,-0.05518466044286654,0.01145961866272166
original_cnn,CD,saliency,uniform_random,35.740475,10.307235,-0.5475155,-19.836103,-0.02081225681225681,-0.08477592797592798,0.04457039477039475,-0.0033359089875307324,-0.017725404984839797,0.012367468876985989
original_cnn,CD,saliency,amplitude_matched_random,33.236385,8.479344,-0.6782233,-33.64658,-0.09633734433734434,-0.15942358902358902,-0.03465974745974751,-0.02630950898252796,-0.04310307943446621,-0.010718578421944801
original_cnn,CD,saliency,time_shift_dose_matched,1.5082967,4.876901,0.123718396,4.9070406,-0.0651950211950212,-0.1308881964881965,-0.0019225042225042427,-0.01473654749468198,-0.03664342386174529,0.0032902733868689785
original_cnn,CD,saliency,time_shift_natural,1.5082967,4.876901,0.12258479,4.92694,-0.038557682557682556,-0.10573851043851044,0.024756489156489155,-0.00823682388974605,-0.029724200923798322,0.0100512314604315
original_cnn,CD,input_gradient,uniform_random,33.233917,8.658624,-0.24332234,-6.1669955,-0.027677919677919677,-0.09241312531312532,0.035876117576117535,-0.0012349207734831406,-0.01962176763056168,0.016819764335257836
original_cnn,CD,input_gradient,amplitude_matched_random,25.162554,6.6336102,-0.6839892,-28.888603,-0.055594483594483594,-0.1143053472053472,0.007384143184143136,-0.01644898892191541,-0.04748551898710752,0.016712265009023744
original_cnn,CD,input_gradient,time_shift_dose_matched,3.1705682,3.5219796,0.19207335,6.5604033,-0.07828953028953028,-0.13901396171396171,-0.016379312879312907,-0.035570250042094013,-0.06783837752368516,-0.0038424465225302715
original_cnn,CD,input_gradient,time_shift_natural,3.1705682,3.5219796,0.25237474,7.396664,-0.059303603303603306,-0.11852821592821593,0.0012847134847134552,-0.027728580528441463,-0.057769394867328475,0.0004123085086160188
original_cnn,CD,integrated_gradients,uniform_random,33.73907,8.856772,-0.3168742,-8.32286,-0.04166682566682567,-0.10587399387399388,0.020270792570792524,-0.0008636073453667393,-0.01696720779083954,0.014808047721122508
original_cnn,CD,integrated_gradients,amplitude_matched_random,24.20765,6.7363477,-0.6130762,-28.348549,-0.08422183222183222,-0.14746498246498246,-0.019437459837459845,-0.03544438260424022,-0.0667865034397843,-0.007568393457030665
original_cnn,CD,integrated_gradients,time_shift_dose_matched,3.6637697,4.148842,0.096348464,3.7147763,-0.12061630861630862,-0.1807125118125118,-0.06163367563367565,-0.03305896998899033,-0.058138959018325574,-0.007528597605673896
original_cnn,CD,integrated_gradients,time_shift_natural,3.6637697,4.148842,0.18970284,5.867464,-0.09575579975579976,-0.1588115464115464,-0.036489334389334396,-0.022512064991638048,-0.042627460555905244,0.00017142485268199816
residual_cnn,MI,saliency,uniform_random,39.825123,10.058247,-0.52898794,-13.7032385,-0.1497005217005217,-0.21342296412296413,-0.0905819216819217,-0.044672665108587105,-0.06252170157709983,-0.027829898088835434
residual_cnn,MI,saliency,amplitude_matched_random,36.060352,7.965631,-1.0322875,-37.24473,-0.13996498396498397,-0.20055101415101415,-0.08026200886200889,-0.058954599414067464,-0.08356493313462311,-0.035226753581460137
residual_cnn,MI,saliency,time_shift_dose_matched,1.8561032,4.3194017,0.34809417,9.391678,-0.13245832845832844,-0.19263465903465904,-0.0718980592980593,-0.04400147338559044,-0.07125291143855851,-0.01616823405514432
residual_cnn,MI,saliency,time_shift_natural,1.8561032,4.3194017,0.4035905,9.946406,-0.08027572427572427,-0.14149994419994422,-0.018507551907551944,-0.030076652386451325,-0.05683820937473956,-0.0038021978791611555
residual_cnn,MI,input_gradient,uniform_random,35.586746,8.875304,-0.24145485,-4.102406,-0.10432325632325633,-0.16784368994368992,-0.04220972300972302,-0.04652787665533346,-0.072165359850296,-0.018512501138355016
residual_cnn,MI,input_gradient,amplitude_matched_random,26.31638,7.3102736,-1.0668626,-31.149683,-0.11805238605238605,-0.18174237324237325,-0.055183613683613686,-0.04440151818968581,-0.07821787196891236,-0.013934021364091036
residual_cnn,MI,input_gradient,time_shift_dose_matched,2.83809,3.7240915,0.28924543,6.350133,-0.11854901854901854,-0.18197290127290128,-0.05670977100977106,-0.07875581661875987,-0.12116000900712448,-0.04005895303790379
residual_cnn,MI,input_gradient,time_shift_natural,2.83809,3.7240915,0.53808165,9.554397,-0.11612856812856813,-0.17588205848205848,-0.05682387732387732,-0.07362352576691734,-0.11358781929325541,-0.03439446735331721
residual_cnn,MI,integrated_gradients,uniform_random,36.102715,8.846828,-0.4268242,-6.986346,-0.1076071436071436,-0.17166936096936097,-0.045758688158688166,-0.03549060280646104,-0.05950038564940649,-0.015967571368750908
residual_cnn,MI,integrated_gradients,amplitude_matched_random,25.948841,7.5117836,-1.0667088,-28.715353,-0.14732441132441132,-0.208813989013989,-0.08592862842862845,-0.06535282361883472,-0.09544502579572442,-0.036799140106456095
residual_cnn,MI,integrated_gradients,time_shift_dose_matched,3.068685,4.091136,0.08881658,1.9276109,-0.13507651507651508,-0.19369398379398378,-0.07348818418818434,-0.07397547640324582,-0.10363993108528703,-0.04148411986169304
residual_cnn,MI,integrated_gradients,time_shift_natural,3.068685,4.091136,0.35852957,6.181519,-0.10504142104142104,-0.1661787764787765,-0.04403641283641288,-0.06134806723552482,-0.08937998589203348,-0.029593439804413584
residual_cnn,CD,saliency,uniform_random,40.299126,10.249034,-0.48335004,-21.33198,-0.08476476076476076,-0.14695881205881206,-0.02250481230481235,-0.0124751999643229,-0.02359154683220812,-0.0013809424656999803
residual_cnn,CD,saliency,amplitude_matched_random,36.879345,8.426726,-0.61813474,-39.50047,-0.045398205398205396,-0.10394343374343375,0.013082246582246576,-0.0039592099113262644,-0.01807762636858725,0.010148557686883952
residual_cnn,CD,saliency,time_shift_dose_matched,2.039709,4.771121,-0.009289225,-0.42135695,-0.037495873495873494,-0.09953736293736294,0.025162359862359856,-0.0015892221781411994,-0.020357645048636165,0.017751389125403312
residual_cnn,CD,saliency,time_shift_natural,2.039709,4.771121,0.0013404265,0.057307974,-0.016324324324324326,-0.07968113118113118,0.045522729522729385,-0.00166903224533067,-0.02139576764821552,0.01775266964312587
residual_cnn,CD,input_gradient,uniform_random,35.243282,8.515994,-0.40883535,-11.779624,-0.05154853554853555,-0.11126952086952087,0.009739584439584434,-0.018002237764373638,-0.03558769972646368,-0.0010937999783931101
residual_cnn,CD,input_gradient,amplitude_matched_random,26.246399,6.9849424,-0.73220223,-42.006916,-0.03337790137790138,-0.09242934362934363,0.02986711906711906,-0.0042446943569276335,-0.028121886687611536,0.02112679098620579
residual_cnn,CD,input_gradient,time_shift_dose_matched,2.9062803,3.8432832,-0.09780065,-3.6804006,-0.03191332391332391,-0.09236652836652837,0.030613292113292105,-0.016513973922769456,-0.047362475556370985,0.016873660307261923
residual_cnn,CD,input_gradient,time_shift_natural,2.9062803,3.8432832,-0.03660385,-1.1412815,-0.027345027345027344,-0.08675749055749056,0.034241283941283944,-0.006770158562405648,-0.03495349113569248,0.021821760731318786
residual_cnn,CD,integrated_gradients,uniform_random,36.233566,8.766306,-0.47200403,-13.206128,-0.05657864057864058,-0.11685436275436276,0.006900132000131986,-0.015938947045348463,-0.03225887806710051,0.0005966298775071361
residual_cnn,CD,integrated_gradients,amplitude_matched_random,26.446522,7.3623495,-0.69399625,-36.56918,0.011207027207027207,-0.04753931203931203,0.07366378666378662,0.00784735508494857,-0.011976025824953645,0.02789634453922099
residual_cnn,CD,integrated_gradients,time_shift_dose_matched,3.1447663,4.2289042,-0.1078957,-3.9852214,-0.11175896775896776,-0.16874505104505105,-0.0481775200775201,-0.04939858095406054,-0.07840275243932332,-0.017935822420577105
residual_cnn,CD,integrated_gradients,time_shift_natural,3.1447663,4.2289042,-0.039337378,-1.185291,-0.08196158196158196,-0.14154918954918955,-0.015106058206058206,-0.03885883663257104,-0.06328427467762904,-0.015486679663986333
