architecture,task,method_a,method_b,operator,diff_pp,ci95_lo_pp,ci95_hi_pp,resolved
original_cnn,MI,input_gradient,integrated_gradients,independent,0.17035319,-0.0745202400139533,0.4198770155198869,False
original_cnn,MI,input_gradient,integrated_gradients,energy_matched,0.33089033,0.04381001519504935,0.6181722006294874,True
original_cnn,MI,input_gradient,saliency,independent,1.4341192,1.108890192117542,1.7597186984494324,True
original_cnn,MI,input_gradient,saliency,energy_matched,2.0457377,1.6904721222817898,2.415285017341375,True
original_cnn,MI,integrated_gradients,saliency,independent,1.263766,0.8976489561609924,1.6373123088851569,True
original_cnn,MI,integrated_gradients,saliency,energy_matched,1.7148476,1.3151394785381854,2.128861774690449,True
original_cnn,CD,input_gradient,integrated_gradients,independent,0.138282,-0.06054781348211691,0.34735134511720367,False
original_cnn,CD,input_gradient,integrated_gradients,energy_matched,0.21183386,-0.013267926624394018,0.4462842957582325,False
original_cnn,CD,input_gradient,saliency,independent,1.1853606,0.8938268781639636,1.4905623253434892,True
original_cnn,CD,input_gradient,saliency,energy_matched,1.4895537,1.1589476349763572,1.8400868494063614,True
original_cnn,CD,integrated_gradients,saliency,independent,1.0470786,0.739528052508831,1.3551802909933028,True
original_cnn,CD,integrated_gradients,saliency,energy_matched,1.2777199,0.9422984183765948,1.6153553966432803,True
residual_cnn,MI,input_gradient,integrated_gradients,independent,-0.22371653,-0.44260039110668004,-0.0031319375830207853,True
residual_cnn,MI,input_gradient,integrated_gradients,energy_matched,-0.038347274,-0.28210451477207243,0.21300746593624337,False
residual_cnn,MI,input_gradient,saliency,independent,2.0253751,1.7195330606773493,2.3527177143841977,True
residual_cnn,MI,input_gradient,saliency,energy_matched,2.3129084,1.965530887246132,2.676973999477922,True
residual_cnn,MI,integrated_gradients,saliency,independent,2.2490919,1.9089021533727646,2.5986951496452093,True
residual_cnn,MI,integrated_gradients,saliency,energy_matched,2.3512557,1.9753496907651424,2.74072561878711,True
residual_cnn,CD,input_gradient,integrated_gradients,independent,-0.1034294,-0.27771426422987133,0.07068249178701079,False
residual_cnn,CD,input_gradient,integrated_gradients,energy_matched,-0.04026068,-0.21299929649103433,0.1321079375338738,False
residual_cnn,CD,input_gradient,saliency,independent,1.2048522,0.9583238023333251,1.4640155178494751,True
residual_cnn,CD,input_gradient,saliency,energy_matched,1.2793669,1.0199998691678047,1.5552352787926786,True
residual_cnn,CD,integrated_gradients,saliency,independent,1.3082817,1.0335815558210015,1.5942326141521332,True
residual_cnn,CD,integrated_gradients,saliency,energy_matched,1.3196275,1.031280744355172,1.6129125282168386,True
