architecture,task,method,shift_minus_guided_normal_fraction,ci95_lo,ci95_hi,within_operational_5pp,mean_patient_absolute_fraction_mismatch,natural_shift_dose_ratio,shift_mask_overlap
original_cnn,MI,saliency,0.01815907095186412,0.014996700109587984,0.021428954895911734,True,0.040546426026150585,1.0378509759902954,0.0939333438873291
original_cnn,MI,input_gradient,0.029770678736269474,0.027690219580568366,0.03185284817898646,True,0.03352564004808664,0.8182623386383057,0.12531666457653046
original_cnn,MI,integrated_gradients,0.034563534300774336,0.032091832543816416,0.037010476278513664,True,0.03735640017315745,0.7752200961112976,0.12471111863851547
original_cnn,CD,saliency,0.015082968050614,0.012023576006479556,0.01814156820741482,True,0.039119260037317874,1.0525052547454834,0.09676667302846909
original_cnn,CD,input_gradient,0.03170568136870861,0.029547564079612496,0.03393632262442261,True,0.03527051316201687,0.8241240978240967,0.12468888610601425
original_cnn,CD,integrated_gradients,0.03663769861310721,0.034097675916552536,0.03919064911138266,True,0.03937749221175909,0.7838948965072632,0.1261722296476364
residual_cnn,MI,saliency,0.018561031606979667,0.015882014876650648,0.02127889565280638,True,0.03465401261020452,0.9308503270149231,0.07874999940395355
residual_cnn,MI,input_gradient,0.02838089927658439,0.02607937668571248,0.03080691065900027,True,0.03243635104224086,0.7785828709602356,0.10964444279670715
residual_cnn,MI,integrated_gradients,0.03068684940226376,0.02815105339167639,0.0332204785422422,True,0.034903653578832745,0.7601213455200195,0.10867778211832047
residual_cnn,CD,saliency,0.020397089428268372,0.017378039863915184,0.02336936843160074,True,0.03803558922093361,0.9473415613174438,0.07953888922929764
residual_cnn,CD,input_gradient,0.02906280355527997,0.02672011658605188,0.03155961043257267,True,0.03355843659117818,0.7823965549468994,0.11064443737268448
residual_cnn,CD,integrated_gradients,0.031447662847116586,0.028889738672040408,0.034113667013356455,True,0.03540605823136866,0.7665587067604065,0.11043333262205124
