architecture,task,method,comparator,raw_advantage,consistent_advantage,delta_advantage,ci95_low,ci95_high,relative_change,matched_pre_scale_dose_ratio,matched_mask_overlap
original_cnn,MI,saliency,uniform_random,0.03450668975710869,0.027628662064671516,-0.006878030952066183,-0.008697357750497759,-0.005106992542278026,-0.1993245631456375,,
original_cnn,MI,saliency,amplitude_matched_random,0.027857813984155655,0.017536161467432976,-0.010321653448045254,-0.012273250077851117,-0.008370600920170546,-0.3705119788646698,0.9988725781440735,0.27522221207618713
original_cnn,MI,input_gradient,uniform_random,0.047863297164440155,0.045167382806539536,-0.0026959176175296307,-0.00478799119591713,-0.000677965894283262,-0.056325364857912064,,
original_cnn,MI,input_gradient,amplitude_matched_random,0.030050702393054962,0.021981369704008102,-0.008069333620369434,-0.010167938494123518,-0.005968034977559001,-0.2685239613056183,0.9890810251235962,0.332194447517395
original_cnn,MI,integrated_gradients,uniform_random,0.04483819380402565,0.04052446782588959,-0.004313724115490913,-0.006146969681140035,-0.0024657460686285052,-0.09620646387338638,,
original_cnn,MI,integrated_gradients,amplitude_matched_random,0.026872463524341583,0.018520213663578033,-0.008352250792086124,-0.010307466541416944,-0.006426487932913005,-0.31081074476242065,0.9828880429267883,0.36080557107925415
original_cnn,MI,smoothgrad,uniform_random,0.03767692670226097,0.030400989577174187,-0.007275932934135199,-0.009082632418721915,-0.005530936748255046,-0.1931137591600418,,
original_cnn,MI,smoothgrad,amplitude_matched_random,0.030010201036930084,0.020611420273780823,-0.009398780763149261,-0.011303252424113452,-0.0075210827169939895,-0.3131861984729767,0.9989737868309021,0.26902779936790466
original_cnn,MI,tangent_saliency,uniform_random,0.03308912739157677,0.029357310384511948,-0.0037318188697099686,-0.005646151304244995,-0.001806215522810817,-0.11278081685304642,,
original_cnn,MI,tangent_saliency,amplitude_matched_random,0.02746029570698738,0.020004598423838615,-0.0074556986801326275,-0.00932240327820182,-0.005601217958610509,-0.2715083062648773,0.9987843632698059,0.27916666865348816
original_cnn,MI,tangent_input_gradient,uniform_random,0.046953268349170685,0.047093018889427185,0.00013974476314615458,-0.0019520720525179058,0.0022465359477791933,0.0029762519989162683,,
original_cnn,MI,tangent_input_gradient,amplitude_matched_random,0.029100261628627777,0.02301633544266224,-0.006083927117288113,-0.008227519039064646,-0.004077003709971905,-0.20906777679920197,0.989040195941925,0.32955554127693176
original_cnn,MI,tangent_integrated_gradients,uniform_random,0.045199912041425705,0.04499903693795204,-0.00020087248412892222,-0.0021967982058413325,0.0017964007507544008,-0.004444090183824301,,
original_cnn,MI,tangent_integrated_gradients,amplitude_matched_random,0.02616126649081707,0.020047130063176155,-0.006114136427640915,-0.008467411482706666,-0.0037831203371752053,-0.23370949923992157,0.9843479990959167,0.35261109471321106
original_cnn,CD,saliency,uniform_random,0.029897460713982582,0.024135807529091835,-0.005761655047535896,-0.007222404715139419,-0.00429269562009722,-0.19271385669708252,,
original_cnn,CD,saliency,amplitude_matched_random,0.023503243923187256,0.01574009843170643,-0.00776314502581954,-0.009306523739360273,-0.0063107629655860375,-0.3303010165691376,0.9988195896148682,0.2792778015136719
original_cnn,CD,input_gradient,uniform_random,0.03764297440648079,0.03378633037209511,-0.0038566384464502335,-0.005562190222553909,-0.00215860094758682,-0.1024530753493309,,
original_cnn,CD,input_gradient,amplitude_matched_random,0.023312894627451897,0.01608852855861187,-0.007224368862807751,-0.009192397422157227,-0.005352992541156711,-0.30988726019859314,0.989645779132843,0.3292500078678131
original_cnn,CD,integrated_gradients,uniform_random,0.0358794741332531,0.03150396794080734,-0.004375503398478031,-0.006128214881755412,-0.002633393189171329,-0.12195004522800446,,
original_cnn,CD,integrated_gradients,amplitude_matched_random,0.01893657259643078,0.012799341231584549,-0.006137232296168804,-0.00798259787261486,-0.004321270668879152,-0.32409414649009705,0.9830413460731506,0.3577222228050232
original_cnn,CD,smoothgrad,uniform_random,0.03216216713190079,0.02562018670141697,-0.006541982758790255,-0.008023054292425513,-0.005063275143038483,-0.20340615510940552,,
original_cnn,CD,smoothgrad,amplitude_matched_random,0.025073064491152763,0.01703927293419838,-0.008033789694309235,-0.009501150948926807,-0.006573718134313822,-0.3204151391983032,0.9989203810691833,0.26811110973358154
original_cnn,CD,tangent_saliency,uniform_random,0.030167318880558014,0.025816936045885086,-0.0043503837659955025,-0.005822122690733522,-0.002964388910913843,-0.14420850574970245,,
original_cnn,CD,tangent_saliency,amplitude_matched_random,0.023249631747603416,0.01617753878235817,-0.007072092965245247,-0.008595436508767307,-0.0056013243389315915,-0.3041808605194092,0.9989758133888245,0.28091666102409363
original_cnn,CD,tangent_input_gradient,uniform_random,0.03743091598153114,0.037450943142175674,2.0027488062623888e-05,-0.001798899593995884,0.0017963788210181512,0.0005350520368665457,,
original_cnn,CD,tangent_input_gradient,amplitude_matched_random,0.022046023979783058,0.01829427294433117,-0.0037517533637583256,-0.005422074859961867,-0.0021028376184403902,-0.17017823457717896,0.9895912408828735,0.3292222321033478
original_cnn,CD,tangent_integrated_gradients,uniform_random,0.03614766523241997,0.035068873316049576,-0.0010787921492010355,-0.0028087821963708845,0.0006158318967209193,-0.02984403446316719,,
original_cnn,CD,tangent_integrated_gradients,amplitude_matched_random,0.02174334041774273,0.018521659076213837,-0.0032216787803918123,-0.005017684726044536,-0.0015252883225912236,-0.14816853404045105,0.9841215014457703,0.3512222468852997
residual_cnn,MI,saliency,uniform_random,0.04372388496994972,0.03651246055960655,-0.007211429066956043,-0.008977616857737302,-0.005501956655643881,-0.16493111848831177,,
residual_cnn,MI,saliency,amplitude_matched_random,0.03114372119307518,0.020583171397447586,-0.010560547932982445,-0.012324102874845266,-0.008833042206242682,-0.3390907645225525,0.9968330264091492,0.27855557203292847
residual_cnn,MI,input_gradient,uniform_random,0.05995512381196022,0.054886482656002045,-0.00506863696500659,-0.007058846286963671,-0.0030799683183431624,-0.08454051613807678,,
residual_cnn,MI,input_gradient,amplitude_matched_random,0.03496472164988518,0.02382887341082096,-0.011135849170386791,-0.01329337814822793,-0.008979798993095757,-0.31848815083503723,0.9861578941345215,0.3418888747692108
residual_cnn,MI,integrated_gradients,uniform_random,0.06254533678293228,0.0574556402862072,-0.005089691374450922,-0.007021818787325174,-0.003154928743606434,-0.08137603104114532,,
residual_cnn,MI,integrated_gradients,amplitude_matched_random,0.03722351789474487,0.028082089498639107,-0.009141427464783192,-0.01117979846894741,-0.007090596482157707,-0.24558204412460327,0.9827159643173218,0.35338887572288513
residual_cnn,MI,smoothgrad,uniform_random,0.0467117540538311,0.039781760424375534,-0.006929989438503981,-0.008739965362474322,-0.0051585818757303075,-0.14835643768310547,,
residual_cnn,MI,smoothgrad,amplitude_matched_random,0.033779747784137726,0.02173871174454689,-0.012041035108268261,-0.014111791155301034,-0.010123859345912936,-0.3564572334289551,0.9967972636222839,0.2681944668292999
residual_cnn,MI,tangent_saliency,uniform_random,0.046000197529792786,0.041696302592754364,-0.004303892608731985,-0.006082357885316014,-0.0024910518841352335,-0.09356248378753662,,
residual_cnn,MI,tangent_saliency,amplitude_matched_random,0.03221483156085014,0.02359830029308796,-0.008616531267762184,-0.010520726372487844,-0.006733505125157536,-0.26747092604637146,0.9970887303352356,0.2818055748939514
residual_cnn,MI,tangent_input_gradient,uniform_random,0.06171910837292671,0.06181268393993378,9.357107046525925e-05,-0.0019104757200693711,0.0021214473585132476,0.001516079413704574,,
residual_cnn,MI,tangent_input_gradient,amplitude_matched_random,0.03712603822350502,0.031091751530766487,-0.0060342890210449696,-0.008168441336601972,-0.003909257391933353,-0.16253522038459778,0.9856473803520203,0.34255558252334595
residual_cnn,MI,tangent_integrated_gradients,uniform_random,0.06376387923955917,0.06400629132986069,0.0002424195408821106,-0.0017816405568737536,0.0022516136814374455,0.003801831742748618,,
residual_cnn,MI,tangent_integrated_gradients,amplitude_matched_random,0.03877636045217514,0.032669343054294586,-0.006107015535235405,-0.00827159029431641,-0.004069960839115084,-0.15749326348304749,0.9839249849319458,0.3500833213329315
residual_cnn,CD,saliency,uniform_random,0.02626607194542885,0.020539525896310806,-0.00572654465213418,-0.007045982673298567,-0.004412897874135524,-0.21802060306072235,,
residual_cnn,CD,saliency,amplitude_matched_random,0.01924719288945198,0.011273574084043503,-0.007973619736731052,-0.009519120818004012,-0.006502255343366416,-0.4142744243144989,0.9979456663131714,0.27855557203292847
residual_cnn,CD,input_gradient,uniform_random,0.037374820560216904,0.03186482936143875,-0.00550999166443944,-0.007209211704321206,-0.0038252614787779764,-0.14742523431777954,,
residual_cnn,CD,input_gradient,amplitude_matched_random,0.021134158596396446,0.013303389772772789,-0.007830769754946232,-0.009588602650910615,-0.006041390157770366,-0.3705267012119293,0.986000657081604,0.339472234249115
residual_cnn,CD,integrated_gradients,uniform_random,0.03820747882127762,0.0326320081949234,-0.005575472954660654,-0.0072183781885541975,-0.004006072122137995,-0.14592622220516205,,
residual_cnn,CD,integrated_gradients,amplitude_matched_random,0.02145400270819664,0.013700485229492188,-0.007753515616059303,-0.009460663562640548,-0.006044035707600416,-0.36140182614326477,0.9830371141433716,0.3546944260597229
residual_cnn,CD,smoothgrad,uniform_random,0.02912946790456772,0.023464538156986237,-0.005664928816258907,-0.007076889381278306,-0.00424897640477866,-0.19447416067123413,,
residual_cnn,CD,smoothgrad,amplitude_matched_random,0.020314646884799004,0.012467059306800365,-0.007847589440643787,-0.009395005903206766,-0.00636644521728158,-0.38630202412605286,0.997468113899231,0.26766666769981384
residual_cnn,CD,tangent_saliency,uniform_random,0.02637229487299919,0.02235323004424572,-0.004019066225737333,-0.0054354015621356664,-0.0026613832218572507,-0.1523972898721695,,
residual_cnn,CD,tangent_saliency,amplitude_matched_random,0.018594544380903244,0.011139079928398132,-0.007455464452505112,-0.009191782027482987,-0.005843981239013374,-0.40094903111457825,0.9977951049804688,0.2800000011920929
residual_cnn,CD,tangent_input_gradient,uniform_random,0.036813344806432724,0.03296080604195595,-0.003852531546726823,-0.005499538930598647,-0.0022836679650936284,-0.10465040802955627,,
residual_cnn,CD,tangent_input_gradient,amplitude_matched_random,0.019287530332803726,0.012063706293702126,-0.007223825436085463,-0.009017157577909529,-0.005384193046484143,-0.37453344464302063,0.985450029373169,0.34033334255218506
residual_cnn,CD,tangent_integrated_gradients,uniform_random,0.03621978312730789,0.03379824012517929,-0.0024215446319431067,-0.0040153005393221974,-0.0008934452867833905,-0.06685695797204971,,
residual_cnn,CD,tangent_integrated_gradients,amplitude_matched_random,0.018695838749408722,0.013325497508049011,-0.005370340775698423,-0.007151464314665646,-0.0036603057465981696,-0.2872479259967804,0.9840980768203735,0.34933334589004517
