policy,lambda,operator,saliency_minus_IG_gap,ci95_low,ci95_high
frozen,0,independent,-0.01363210595231588,-0.020930442950091378,-0.006296057952372903
frozen,0,energy_matched,-0.017517477300849165,-0.026103977883880348,-0.009063368032202552
frozen,1,independent,-0.012985174538067351,-0.020378318800717058,-0.005667697711644797
frozen,1,energy_matched,-0.017517477300849165,-0.026103977883880348,-0.009063368032202552
frozen,3,independent,-0.014067818887920205,-0.02206782903268118,-0.006088582569656458
frozen,3,energy_matched,-0.017517477300849165,-0.026103977883880348,-0.009063368032202552
frozen,10,independent,-0.034557674212883895,-0.046851745052721876,-0.022223957621506522
frozen,10,energy_matched,-0.017517477300849165,-0.026103977883880355,-0.009063368032202552
frozen,30,independent,-0.08576135972934198,-0.10739316209922001,-0.06496768863180456
frozen,30,energy_matched,-0.017517477300849172,-0.02610397788388037,-0.009063368032202559
recomputed,0,independent,-0.01363210595231588,-0.020930442950091378,-0.006296057952372903
recomputed,0,energy_matched,-0.017517477300849165,-0.026103977883880348,-0.009063368032202552
recomputed,1,independent,-0.013729933125992796,-0.021134765575481395,-0.006510083719548614
recomputed,1,energy_matched,-0.017211497566071876,-0.025723866163831138,-0.008796324098909162
recomputed,3,independent,-0.008791368554350257,-0.016324156768675505,-0.0013917063012407979
recomputed,3,energy_matched,-0.012353046947489586,-0.01938277059029997,-0.0051305735197159814
recomputed,10,independent,0.03580509445847051,0.02142397903573167,0.05024713017058045
recomputed,10,energy_matched,-0.010809349095057033,-0.01534154964153696,-0.006462059514406132
recomputed,30,independent,0.11210101417528485,0.08355748155703376,0.14055355941605
recomputed,30,energy_matched,-0.010005617929948541,-0.013710475802033878,-0.006374886904053086
