step,saliency_minus_IG_validation_gap,vector_norm
1,-0.014918547123670578,3.9843101501464844
11,0.2468566596508026,19.80904769897461
21,0.35598284006118774,29.8907527923584
31,0.4044523239135742,30.000001907348633
41,0.4346964955329895,30.0000057220459
51,0.4530259966850281,30.0
61,0.47474199533462524,30.000001907348633
71,0.4842377007007599,30.0
81,0.4908972978591919,29.999998092651367
91,0.49887174367904663,29.999996185302734
101,0.5040690898895264,30.0
111,0.5080856084823608,29.999996185302734
121,0.5120289921760559,29.999998092651367
131,0.5129996538162231,29.999996185302734
141,0.5184739232063293,30.0
151,0.5245179533958435,29.999998092651367
161,0.526342511177063,30.000003814697266
171,0.5299810171127319,30.0
181,0.5328511595726013,29.999998092651367
191,0.5300902128219604,29.999996185302734
