architecture,task,method,kind,normal_energy_fraction,mean_off_direction_abs_logit_response,mean_raw_abs_logit_response,off_to_raw_logit_response_ratio,raw_probability_response,projected_unscaled_probability_response,energy_matched_probability_response
original_cnn,MI,saliency,guided,0.24711236357688904,0.1529168337583542,0.9933228492736816,0.15394474565982819,0.05926624312996864,0.05522366985678673,0.0638732835650444
original_cnn,MI,saliency,uniform_random,0.6038719415664673,0.16029779613018036,0.39976072311401367,0.40098434686660767,0.024759547784924507,0.022368326783180237,0.03624461963772774
original_cnn,MI,saliency,amplitude_matched_random,0.5817877054214478,0.1818477213382721,0.5273902416229248,0.3448067605495453,0.03140842914581299,0.028260555118322372,0.04633712023496628
original_cnn,MI,input_gradient,guided,0.2782186269760132,0.21528024971485138,1.1894696950912476,0.18098843097686768,0.07262285053730011,0.06848081946372986,0.08141200244426727
original_cnn,MI,input_gradient,uniform_random,0.6038719415664673,0.16029779613018036,0.39976072311401367,0.40098434686660767,0.024759547784924507,0.022368326783180237,0.03624461963772774
original_cnn,MI,input_gradient,amplitude_matched_random,0.5251551270484924,0.22953985631465912,0.706026017665863,0.32511529326438904,0.04257214814424515,0.039725545793771744,0.05943063274025917
original_cnn,MI,integrated_gradients,guided,0.2664831876754761,0.20905376970767975,1.1466418504714966,0.1823182851076126,0.0695977509021759,0.06472998112440109,0.07676909118890762
original_cnn,MI,integrated_gradients,uniform_random,0.6038719415664673,0.16029779613018036,0.39976072311401367,0.40098434686660767,0.024759547784924507,0.022368326783180237,0.03624461963772774
original_cnn,MI,integrated_gradients,amplitude_matched_random,0.5076960921287537,0.23290209472179413,0.7282471656799316,0.3198118805885315,0.042725276201963425,0.039312973618507385,0.05824887007474899
original_cnn,MI,smoothgrad,guided,0.23971249163150787,0.15510910749435425,1.04795241355896,0.14801159501075745,0.06243646889925003,0.05816614627838135,0.06664561480283737
original_cnn,MI,smoothgrad,uniform_random,0.6038719415664673,0.16029779613018036,0.39976072311401367,0.40098434686660767,0.024759547784924507,0.022368326783180237,0.03624461963772774
original_cnn,MI,smoothgrad,amplitude_matched_random,0.5810977816581726,0.1897650510072708,0.5282993912696838,0.3591998219490051,0.032426271587610245,0.028744053095579147,0.04603419080376625
original_cnn,MI,tangent_saliency,guided,0.27367833256721497,0.17151932418346405,0.9874203205108643,0.17370447516441345,0.05784867703914642,0.054735928773880005,0.06560193002223969
original_cnn,MI,tangent_saliency,uniform_random,0.6038719415664673,0.16029779613018036,0.39976072311401367,0.40098434686660767,0.024759547784924507,0.022368326783180237,0.03624461963772774
original_cnn,MI,tangent_saliency,amplitude_matched_random,0.5818378329277039,0.18744954466819763,0.5181209444999695,0.36178722977638245,0.030388381332159042,0.028309104964137077,0.04559733346104622
original_cnn,MI,tangent_input_gradient,guided,0.29366424679756165,0.22434018552303314,1.1688838005065918,0.19192685186862946,0.07171282917261124,0.06961563974618912,0.08333764225244522
original_cnn,MI,tangent_input_gradient,uniform_random,0.6038719415664673,0.16029779613018036,0.39976072311401367,0.40098434686660767,0.024759547784924507,0.022368326783180237,0.03624461963772774
original_cnn,MI,tangent_input_gradient,amplitude_matched_random,0.5281034708023071,0.22768078744411469,0.6996760368347168,0.3254088759422302,0.04261256009340286,0.04010295122861862,0.06032130494713783
original_cnn,MI,tangent_integrated_gradients,guided,0.27946436405181885,0.21491830050945282,1.1526137590408325,0.1864616870880127,0.06995946168899536,0.06698382645845413,0.08124365657567978
original_cnn,MI,tangent_integrated_gradients,uniform_random,0.6038719415664673,0.16029779613018036,0.39976072311401367,0.40098434686660767,0.024759547784924507,0.022368326783180237,0.03624461963772774
original_cnn,MI,tangent_integrated_gradients,amplitude_matched_random,0.5119292736053467,0.22539910674095154,0.7154220938682556,0.31505751609802246,0.04379819333553314,0.04080957546830177,0.06119653210043907
original_cnn,CD,saliency,guided,0.2492489367723465,0.1427462100982666,0.7979708313941956,0.1788865029811859,0.04997137933969498,0.04710393399000168,0.05326599255204201
original_cnn,CD,saliency,uniform_random,0.6038719415664673,0.16792428493499756,0.35728228092193604,0.47000452876091003,0.020073916763067245,0.0184728242456913,0.029130185022950172
original_cnn,CD,saliency,amplitude_matched_random,0.5799793004989624,0.18056415021419525,0.4395265579223633,0.41081511974334717,0.02646813355386257,0.023999523371458054,0.03752589598298073
original_cnn,CD,input_gradient,guided,0.2695431709289551,0.20433755218982697,0.9432693123817444,0.21662694215774536,0.057716887444257736,0.055201396346092224,0.06291651725769043
original_cnn,CD,input_gradient,uniform_random,0.6038719415664673,0.16792428493499756,0.35728228092193604,0.47000452876091003,0.020073916763067245,0.0184728242456913,0.029130185022950172
original_cnn,CD,input_gradient,amplitude_matched_random,0.527623176574707,0.22804416716098785,0.5762376189231873,0.39574676752090454,0.03440399095416069,0.03204214572906494,0.04682798683643341
original_cnn,CD,integrated_gradients,guided,0.2650381326675415,0.20456498861312866,0.9150553941726685,0.22355476021766663,0.055953387171030045,0.05284614488482475,0.060634154826402664
original_cnn,CD,integrated_gradients,uniform_random,0.6038719415664673,0.16792428493499756,0.35728228092193604,0.47000452876091003,0.020073916763067245,0.0184728242456913,0.029130185022950172
original_cnn,CD,integrated_gradients,amplitude_matched_random,0.5108926892280579,0.22629840672016144,0.6062256097793579,0.3732907474040985,0.037016820162534714,0.03335141763091087,0.047834813594818115
original_cnn,CD,smoothgrad,guided,0.24186266958713531,0.14779657125473022,0.840487539768219,0.17584623396396637,0.05223608389496803,0.048921093344688416,0.05475037172436714
original_cnn,CD,smoothgrad,uniform_random,0.6038719415664673,0.16792428493499756,0.35728228092193604,0.47000452876091003,0.020073916763067245,0.0184728242456913,0.029130185022950172
original_cnn,CD,smoothgrad,amplitude_matched_random,0.5815505385398865,0.1847308725118637,0.4472537934780121,0.413033664226532,0.02716302126646042,0.02414843998849392,0.03771109879016876
original_cnn,CD,tangent_saliency,guided,0.2705762982368469,0.15508678555488586,0.7979610562324524,0.1943538337945938,0.05024123936891556,0.04872696474194527,0.05494711920619011
original_cnn,CD,tangent_saliency,uniform_random,0.6038719415664673,0.16792428493499756,0.35728228092193604,0.47000452876091003,0.020073916763067245,0.0184728242456913,0.029130185022950172
original_cnn,CD,tangent_saliency,amplitude_matched_random,0.5813390612602234,0.17799191176891327,0.4567185342311859,0.38971903920173645,0.026991602033376694,0.025447672232985497,0.03876958042383194
original_cnn,CD,tangent_input_gradient,guided,0.286470890045166,0.203046977519989,0.9324227571487427,0.2177627831697464,0.05750483274459839,0.058418042957782745,0.066581130027771
original_cnn,CD,tangent_input_gradient,uniform_random,0.6038719415664673,0.16792428493499756,0.35728228092193604,0.47000452876091003,0.020073916763067245,0.0184728242456913,0.029130185022950172
original_cnn,CD,tangent_input_gradient,amplitude_matched_random,0.5282958745956421,0.22126543521881104,0.5792073607444763,0.3820141851902008,0.03545880690217018,0.03347614407539368,0.04828685522079468
original_cnn,CD,tangent_integrated_gradients,guided,0.27942752838134766,0.20093706250190735,0.927444577217102,0.21665668487548828,0.05622158944606781,0.05548589304089546,0.0641990527510643
original_cnn,CD,tangent_integrated_gradients,uniform_random,0.6038719415664673,0.16792428493499756,0.35728228092193604,0.47000452876091003,0.020073916763067245,0.0184728242456913,0.029130185022950172
original_cnn,CD,tangent_integrated_gradients,amplitude_matched_random,0.5099761486053467,0.2335641235113144,0.5818158984184265,0.401439905166626,0.03447824344038963,0.03206798434257507,0.04567739740014076
residual_cnn,MI,saliency,guided,0.20314767956733704,0.13502930104732513,1.1059601306915283,0.12209237366914749,0.07182992994785309,0.07106801867485046,0.07906778156757355
residual_cnn,MI,saliency,uniform_random,0.6038719415664673,0.1631164252758026,0.40711510181427,0.40066415071487427,0.028106041252613068,0.02524394728243351,0.042555324733257294
residual_cnn,MI,saliency,amplitude_matched_random,0.5678607225418091,0.19147954881191254,0.6042916774749756,0.31686609983444214,0.04068621248006821,0.037444982677698135,0.05848460644483566
residual_cnn,MI,input_gradient,guided,0.2443697601556778,0.19286523759365082,1.2997974157333374,0.14838099479675293,0.08806116878986359,0.08472398668527603,0.09744180738925934
residual_cnn,MI,input_gradient,uniform_random,0.6038719415664673,0.1631164252758026,0.40711510181427,0.40066415071487427,0.028106041252613068,0.02524394728243351,0.042555324733257294
residual_cnn,MI,input_gradient,amplitude_matched_random,0.5120622515678406,0.23747554421424866,0.7865890860557556,0.30190545320510864,0.05309644341468811,0.048579148948192596,0.07361293584108353
residual_cnn,MI,integrated_gradients,guided,0.24187952280044556,0.19936248660087585,1.3265174627304077,0.1502901315689087,0.09065137803554535,0.08604742586612701,0.1000109612941742
residual_cnn,MI,integrated_gradients,uniform_random,0.6038719415664673,0.1631164252758026,0.40711510181427,0.40066415071487427,0.028106041252613068,0.02524394728243351,0.042555324733257294
residual_cnn,MI,integrated_gradients,amplitude_matched_random,0.5055555701255798,0.23666512966156006,0.7965561747550964,0.2971104085445404,0.05342785641551018,0.04805145040154457,0.07192888110876083
residual_cnn,MI,smoothgrad,guided,0.19546860456466675,0.13605190813541412,1.1585807800292969,0.11742980033159256,0.07481779158115387,0.07403506338596344,0.08233708143234253
residual_cnn,MI,smoothgrad,uniform_random,0.6038719415664673,0.1631164252758026,0.40711510181427,0.40066415071487427,0.028106041252613068,0.02524394728243351,0.042555324733257294
residual_cnn,MI,smoothgrad,amplitude_matched_random,0.5700364708900452,0.1945265531539917,0.6091030240058899,0.31936559081077576,0.04103804752230644,0.03855853155255318,0.06059837341308594
residual_cnn,MI,tangent_saliency,guided,0.22191676497459412,0.1494588702917099,1.1357399225234985,0.13159602880477905,0.07410623878240585,0.07424995303153992,0.08425162732601166
residual_cnn,MI,tangent_saliency,uniform_random,0.6038719415664673,0.1631164252758026,0.40711510181427,0.40066415071487427,0.028106041252613068,0.02524394728243351,0.042555324733257294
residual_cnn,MI,tangent_saliency,amplitude_matched_random,0.5701987147331238,0.18957608938217163,0.6156063079833984,0.3079501986503601,0.04189140722155571,0.03867989405989647,0.06065332517027855
residual_cnn,MI,tangent_input_gradient,guided,0.2559508681297302,0.1967206746339798,1.3197364807128906,0.14906057715415955,0.08982514590024948,0.08917523175477982,0.10436800122261047
residual_cnn,MI,tangent_input_gradient,uniform_random,0.6038719415664673,0.1631164252758026,0.40711510181427,0.40066415071487427,0.028106041252613068,0.02524394728243351,0.042555324733257294
residual_cnn,MI,tangent_input_gradient,amplitude_matched_random,0.5159900784492493,0.2306886911392212,0.775495707988739,0.2974725663661957,0.05269911140203476,0.04853782802820206,0.07327625155448914
residual_cnn,MI,tangent_integrated_gradients,guided,0.24912118911743164,0.19072283804416656,1.3506358861923218,0.1412096619606018,0.09186992049217224,0.09077973663806915,0.10656161606311798
residual_cnn,MI,tangent_integrated_gradients,uniform_random,0.6038719415664673,0.1631164252758026,0.40711510181427,0.40066415071487427,0.028106041252613068,0.02524394728243351,0.042555324733257294
residual_cnn,MI,tangent_integrated_gradients,amplitude_matched_random,0.5071431398391724,0.2339983582496643,0.7917623519897461,0.2955411672592163,0.0530935600399971,0.04902993142604828,0.0738922730088234
residual_cnn,CD,saliency,guided,0.20150506496429443,0.1419302225112915,0.8593513369560242,0.16515971720218658,0.0471712127327919,0.04532242566347122,0.04889315739274025
residual_cnn,CD,saliency,uniform_random,0.6038719415664673,0.16980816423892975,0.36033716797828674,0.47124797105789185,0.020905140787363052,0.0187386404722929,0.028353631496429443
residual_cnn,CD,saliency,amplitude_matched_random,0.5716609358787537,0.20929202437400818,0.5098711252212524,0.41048023104667664,0.02792401798069477,0.025508614256978035,0.03761958330869675
residual_cnn,CD,input_gradient,guided,0.24784298241138458,0.20861312747001648,1.032665729522705,0.20201419293880463,0.058279961347579956,0.05443613603711128,0.060218460857868195
residual_cnn,CD,input_gradient,uniform_random,0.6038719415664673,0.16980816423892975,0.36033716797828674,0.47124797105789185,0.020905140787363052,0.0187386404722929,0.028353631496429443
residual_cnn,CD,input_gradient,amplitude_matched_random,0.5154660940170288,0.24657808244228363,0.6497405171394348,0.37950238585472107,0.03714580088853836,0.03435436263680458,0.046915069222450256
residual_cnn,CD,integrated_gradients,guided,0.24290704727172852,0.21049749851226807,1.054861307144165,0.19954992830753326,0.05911261588335037,0.05520165339112282,0.060985635966062546
residual_cnn,CD,integrated_gradients,uniform_random,0.6038719415664673,0.16980816423892975,0.36033716797828674,0.47124797105789185,0.020905140787363052,0.0187386404722929,0.028353631496429443
residual_cnn,CD,integrated_gradients,amplitude_matched_random,0.5080246925354004,0.25440678000450134,0.6639018654823303,0.3831993639469147,0.03765862062573433,0.03481842204928398,0.04728515446186066
residual_cnn,CD,smoothgrad,guided,0.1937650889158249,0.13767094910144806,0.8965373635292053,0.15355852246284485,0.05003460869193077,0.04830014333128929,0.05181817337870598
residual_cnn,CD,smoothgrad,uniform_random,0.6038719415664673,0.16980816423892975,0.36033716797828674,0.47124797105789185,0.020905140787363052,0.0187386404722929,0.028353631496429443
residual_cnn,CD,smoothgrad,amplitude_matched_random,0.5727697610855103,0.20860116183757782,0.520265519618988,0.4009513556957245,0.029719959944486618,0.02701728418469429,0.03935111314058304
residual_cnn,CD,tangent_saliency,guided,0.21643927693367004,0.14371924102306366,0.8610532879829407,0.16691097617149353,0.047277435660362244,0.04683460295200348,0.05070686340332031
residual_cnn,CD,tangent_saliency,uniform_random,0.6038719415664673,0.16980816423892975,0.36033716797828674,0.47124797105789185,0.020905140787363052,0.0187386404722929,0.028353631496429443
residual_cnn,CD,tangent_saliency,amplitude_matched_random,0.5708989500999451,0.20411306619644165,0.5114060044288635,0.39912137389183044,0.028682891279459,0.027385372668504715,0.03956778720021248
residual_cnn,CD,tangent_input_gradient,guided,0.25825273990631104,0.2059755176305771,1.0203200578689575,0.20187343657016754,0.05771848186850548,0.05529407784342766,0.06131444498896599
residual_cnn,CD,tangent_input_gradient,uniform_random,0.6038719415664673,0.16980816423892975,0.36033716797828674,0.47124797105789185,0.020905140787363052,0.0187386404722929,0.028353631496429443
residual_cnn,CD,tangent_input_gradient,amplitude_matched_random,0.514590322971344,0.24980708956718445,0.6677924990653992,0.3740788996219635,0.03843095526099205,0.03587070107460022,0.04925074055790901
residual_cnn,CD,tangent_integrated_gradients,guided,0.25182825326919556,0.20303179323673248,1.0309919118881226,0.19692860543727875,0.057124923914670944,0.05632108449935913,0.06215187907218933
residual_cnn,CD,tangent_integrated_gradients,uniform_random,0.6038719415664673,0.16980816423892975,0.36033716797828674,0.47124797105789185,0.020905140787363052,0.0187386404722929,0.028353631496429443
residual_cnn,CD,tangent_integrated_gradients,amplitude_matched_random,0.5073431730270386,0.25094059109687805,0.6699281334877014,0.3745783865451813,0.03842908889055252,0.03561244159936905,0.04882637783885002
