architecture,task,method,raw_advantage,consistent_advantage,delta_advantage,ci95_low,ci95_high
original_cnn,MI,saliency,0.0307149775326252,0.0246595311909914,-0.006055446807295084,-0.007606200058944523,-0.004549248539842666
original_cnn,MI,input_gradient,0.04326172545552254,0.04080154001712799,-0.0024601873010396957,-0.004265255085192621,-0.0007028187785181224
original_cnn,MI,integrated_gradients,0.039918333292007446,0.036845315247774124,-0.0030730220023542643,-0.004678899655118585,-0.001426197739783677
original_cnn,MI,tangent_integrated_gradients,0.04074874892830849,0.0406489260494709,-9.982356277760118e-05,-0.0017345370695693418,0.0015597045829053963
original_cnn,CD,saliency,0.02892668917775154,0.02448541484773159,-0.004441274795681238,-0.005858805635944009,-0.0030426698853261774
original_cnn,CD,input_gradient,0.03752352297306061,0.03445810824632645,-0.0030654119327664375,-0.004759409208782017,-0.0013973022549180324
original_cnn,CD,integrated_gradients,0.03386291489005089,0.030388370156288147,-0.0034745465964078903,-0.005134832079056651,-0.00189962607400958
original_cnn,CD,tangent_integrated_gradients,0.034331582486629486,0.03380899131298065,-0.0005225943168625236,-0.0021246336691547185,0.0010611872858135025
residual_cnn,MI,saliency,0.04231800138950348,0.03515277057886124,-0.007165225222706795,-0.008903559017926454,-0.005510517139919103
residual_cnn,MI,input_gradient,0.05708896741271019,0.05283408612012863,-0.004254878964275122,-0.006152650353033096,-0.00239585476811044
residual_cnn,MI,integrated_gradients,0.05926058813929558,0.055040471255779266,-0.004220120143145323,-0.006088156125042587,-0.00238906943704933
residual_cnn,MI,tangent_integrated_gradients,0.06008561700582504,0.061056531965732574,0.000970908091403544,-0.000886617659125477,0.0028003719577100114
residual_cnn,CD,saliency,0.025896865874528885,0.020138835534453392,-0.005758031737059355,-0.0071220719953998925,-0.004478606046177447
residual_cnn,CD,input_gradient,0.036610495299100876,0.031786687672138214,-0.004823808092623949,-0.006440092949196697,-0.003246432222658768
residual_cnn,CD,integrated_gradients,0.03674997016787529,0.031863827258348465,-0.004886141046881676,-0.006407956278417259,-0.0034108283929526807
residual_cnn,CD,tangent_integrated_gradients,0.03493690863251686,0.03273564204573631,-0.0022012698464095592,-0.003734636475564912,-0.0007394780783215543
