task,stratum,budget,same_point_order,raw_order,consistent_order
MI,limb,0.05,True,"[1, 2, 0]","[1, 2, 0]"
MI,limb,0.1,True,"[1, 2, 0]","[1, 2, 0]"
MI,limb,0.2,True,"[1, 2, 0]","[1, 2, 0]"
MI,chest,0.05,True,"[1, 2, 0]","[1, 2, 0]"
MI,chest,0.1,True,"[1, 2, 0]","[1, 2, 0]"
MI,chest,0.2,True,"[1, 2, 0]","[1, 2, 0]"
MI,all,0.05,True,"[1, 2, 0]","[1, 2, 0]"
MI,all,0.1,True,"[1, 2, 0]","[1, 2, 0]"
MI,all,0.2,True,"[1, 2, 0]","[1, 2, 0]"
CD,limb,0.05,True,"[1, 2, 0]","[1, 2, 0]"
CD,limb,0.1,True,"[1, 2, 0]","[1, 2, 0]"
CD,limb,0.2,True,"[1, 2, 0]","[1, 2, 0]"
CD,chest,0.05,True,"[2, 1, 0]","[2, 1, 0]"
CD,chest,0.1,True,"[2, 1, 0]","[2, 1, 0]"
CD,chest,0.2,True,"[2, 0, 1]","[2, 0, 1]"
CD,all,0.05,True,"[2, 1, 0]","[2, 1, 0]"
CD,all,0.1,True,"[2, 1, 0]","[2, 1, 0]"
CD,all,0.2,True,"[2, 1, 0]","[2, 1, 0]"
