architecture,task,endpoint,method_a,method_b,raw_gap,raw_ci95_low,raw_ci95_high,consistent_gap,consistent_ci95_low,consistent_ci95_high,gap_change,gap_change_ci95_low,gap_change_ci95_high,point_reversal,resolved_opposite_order,simultaneous_gap_change_low,simultaneous_gap_change_high,simultaneous_gap_change_excludes_zero
original_cnn,MI,guided_response,saliency,input_gradient,-0.013356607407331467,-0.01629832680337131,-0.010554410261102026,-0.01753872074186802,-0.020944041991606356,-0.014283916749991478,-0.004182113334536552,-0.005918453854974359,-0.0024286293948534887,False,False,-0.0072649892325258245,-0.0010992374365472808,True
original_cnn,MI,amplitude_matched_advantage,saliency,input_gradient,-0.0021928874775767326,-0.005473621899727732,0.0009423258889000851,-0.004445206373929977,-0.008313723281025887,-0.0006883979280246436,-0.0022523191291838884,-0.004864759277552366,0.0003620741816121134,False,False,-0.006940701794298714,0.0024360635359309372,False
original_cnn,MI,guided_response,saliency,integrated_gradients,-0.010331499390304089,-0.013649109564721585,-0.007112578849773856,-0.012895805761218071,-0.01660145544447005,-0.00934485998004675,-0.0025643063709139824,-0.004176764539442957,-0.0009538127866107982,False,False,-0.005490270782618996,0.00036165804079103065,False
original_cnn,MI,amplitude_matched_advantage,saliency,integrated_gradients,0.0009853511583060026,-0.002579260675702244,0.004463682882487772,-0.000984051264822483,-0.005008861038368196,0.002882308507105335,-0.001969402888789773,-0.004674050468020141,0.0006213645814568734,True,False,-0.0067496221389940995,0.0028108163614145535,False
original_cnn,MI,guided_response,saliency,smoothgrad,-0.0031702318228781223,-0.00480248851235956,-0.0015772698534419764,-0.002772329142317176,-0.0045102090225555,-0.001077412726590413,0.0003979022440034896,-0.0007019962577032857,0.0015051461843540886,False,False,-0.0016140903416733358,0.002409894829680315,False
original_cnn,MI,amplitude_matched_advantage,saliency,smoothgrad,-0.0021523870527744293,-0.004713452071882784,0.00037254714115988357,-0.003075259504839778,-0.006353523919824511,0.00022831995847809563,-0.0009228721610270441,-0.0031804366502910853,0.0012787535379175082,False,False,-0.005046035434958511,0.003200291112904423,False
original_cnn,MI,guided_response,saliency,tangent_saliency,0.0014175644610077143,-0.00018873735571105498,0.0029701527848374097,-0.0017286473885178566,-0.003419951972318813,-6.0567808304767945e-05,-0.003146211616694927,-0.00439223445719108,-0.0019495601940434431,True,False,-0.00537841037129586,-0.0009140128620939948,True
original_cnn,MI,amplitude_matched_advantage,saliency,tangent_saliency,0.0003975177532993257,-0.0019706846738699823,0.0028476436913479116,-0.002468436723574996,-0.005627379077486694,0.0006422589503927132,-0.0028659540694206953,-0.005284390295855701,-0.0006380387552781037,True,False,-0.007040269319350731,0.0013083611805093402,False
original_cnn,MI,guided_response,saliency,tangent_input_gradient,-0.012446580454707146,-0.015472916839644312,-0.009468134702183308,-0.01946435496211052,-0.023020287323743106,-0.015965311648324133,-0.007017774973064661,-0.008879390312358737,-0.005161313735879959,False,False,-0.01034652534646071,-0.003689024599668612,True
original_cnn,MI,amplitude_matched_advantage,saliency,tangent_input_gradient,-0.0012424485757946968,-0.0047282659099437295,0.0020886490121483792,-0.005480173975229263,-0.00961929454933852,-0.0015147618192713715,-0.004237725865095854,-0.006854487187229097,-0.0016198735189391301,False,False,-0.00896622708674135,0.0004907753565496428,False
original_cnn,MI,guided_response,saliency,tangent_integrated_gradients,-0.010693220421671867,-0.01392406162340194,-0.0075747285271063475,-0.017370378598570824,-0.021187828527763485,-0.013651110511273146,-0.006677158176898956,-0.008554703067056834,-0.004787510260939599,False,False,-0.010089286585181118,-0.003265029768616795,True
original_cnn,MI,amplitude_matched_advantage,saliency,tangent_integrated_gradients,0.0016965488903224468,-0.0018276926333783193,0.005125485803000628,-0.002510968130081892,-0.006797000335063785,0.0017442380078136845,-0.004207516089081764,-0.006967262271791697,-0.0014518435520585633,True,False,-0.009307315133380945,0.0008922829552174176,False
original_cnn,MI,guided_response,input_gradient,integrated_gradients,0.003025108017027378,0.0005357435758924112,0.005542517115827648,0.004642914980649948,0.0020578160416334867,0.00723776762606576,0.0016178067307919264,0.00011899540841113778,0.0031045103445649135,False,False,-0.001125081336122141,0.004360694797705993,False
original_cnn,MI,amplitude_matched_advantage,input_gradient,integrated_gradients,0.003178239334374666,0.0001369356701616198,0.006452678341884162,0.003461155341938138,-0.0002754877212282735,0.007307674549520009,0.0002829160657711327,-0.002288895210949704,0.002864324732217933,False,False,-0.004389043538893356,0.004954875670435621,False
original_cnn,MI,guided_response,input_gradient,smoothgrad,0.010186376050114632,0.0072494894731789826,0.013207424897700545,0.014766390435397625,0.011427632020786404,0.01816880130209029,0.004580015782266855,0.002827582450117916,0.0063665291294455525,False,False,0.0014046886799880336,0.007755342884545676,True
original_cnn,MI,amplitude_matched_advantage,input_gradient,smoothgrad,4.050075949635357e-05,-0.0029963883163873105,0.003203737165313214,0.0013699474511668086,-0.002380472666118294,0.005202751059550792,0.0013294466771185398,-0.0013620651967357843,0.004049736517481503,False,False,-0.003554583346950071,0.006213476701187151,False
original_cnn,MI,guided_response,input_gradient,tangent_saliency,0.014774170704185963,0.012023079581558705,0.017765338066965338,0.015810072422027588,0.012544855498708785,0.019122800044715404,0.0010359014850109816,-0.0008260824572062118,0.002878852054709567,False,False,-0.002274306270918216,0.004346109240940179,False
original_cnn,MI,amplitude_matched_advantage,input_gradient,tangent_saliency,0.002590405521914363,-0.0005269552857498638,0.005839487782213834,0.001976769883185625,-0.0017988665640586987,0.005836051353253423,-0.000613635522313416,-0.003181967284763232,0.0018886235484387693,False,False,-0.00521667948379974,0.003989408439172908,False
original_cnn,MI,guided_response,input_gradient,tangent_input_gradient,0.0009100259048864245,-0.0006794747576350346,0.0025945297733414915,-0.0019256363157182932,-0.0037538677861448377,-9.469778833590727e-05,-0.0028356623370200396,-0.004198601236566901,-0.0014023263123817743,True,False,-0.005333081208762784,-0.0003382434652772952,True
original_cnn,MI,amplitude_matched_advantage,input_gradient,tangent_input_gradient,0.0009504390764050186,-0.001780531508848071,0.0036986097984481594,-0.0010349677177146077,-0.004308836255222559,0.0023542090493720007,-0.0019854067359119654,-0.004266374907456338,0.00041043459932552616,True,False,-0.006294657695640064,0.0023238442238161334,False
original_cnn,MI,guided_response,input_gradient,tangent_integrated_gradients,0.002663385821506381,0.00010557287841947983,0.005240254034288227,0.00016834128473419696,-0.002590033656451851,0.0028720513801090415,-0.0024950450751930475,-0.0042447436251677574,-0.0007721077054156936,False,False,-0.005649626267402666,0.0006595361170165701,False
original_cnn,MI,amplitude_matched_advantage,input_gradient,tangent_integrated_gradients,0.003889436135068536,0.0005636453483020888,0.007283667428418993,0.0019342382438480854,-0.0021035064593888817,0.005926810181699686,-0.001955197425559163,-0.0046317685861140484,0.0006375981625751534,False,False,-0.006655558466228062,0.002745163615109736,False
original_cnn,MI,guided_response,integrated_gradients,smoothgrad,0.007161266636103392,0.003827493102289736,0.010565215232782066,0.010123476386070251,0.006580250908154994,0.013843943085521459,0.002962208352982998,0.001363831799244508,0.004633923701476305,False,False,4.2673159558598555e-05,0.005881743546407397,True
original_cnn,MI,amplitude_matched_advantage,integrated_gradients,smoothgrad,-0.003137738211080432,-0.0067344697192311285,0.00041738869258551583,-0.002091207541525364,-0.006121955707203597,0.001996138651156797,0.0010465305531397462,-0.0014498722070129587,0.003537448088172823,False,False,-0.003585786531799558,0.00567884763807905,False
original_cnn,MI,guided_response,integrated_gradients,tangent_saliency,0.01174906361848116,0.0084106529597193,0.015187139203771943,0.011167158372700214,0.007466041529551148,0.014915317390114069,-0.0005819054786115885,-0.0022940580325666814,0.0011380043375538637,False,False,-0.0036880182110097695,0.0025242072537865925,False
original_cnn,MI,amplitude_matched_advantage,integrated_gradients,tangent_saliency,-0.0005878336378373206,-0.0042753673973493275,0.0030400454415939714,-0.0014843852259218693,-0.005539982835762203,0.002693871932569888,-0.0008965514716692269,-0.0033872218744363633,0.0016461730818264151,False,False,-0.0055177505641989385,0.0037246476208604848,False
original_cnn,MI,guided_response,integrated_gradients,tangent_input_gradient,-0.0021150822285562754,-0.004695586964953691,0.0003422843539738085,-0.006568551063537598,-0.009257316775619983,-0.0037944489158689976,-0.004453469067811966,-0.006070600869134068,-0.0027655535610392693,False,False,-0.007469812646734977,-0.001437125488888955,True
original_cnn,MI,amplitude_matched_advantage,integrated_gradients,tangent_input_gradient,-0.0022278004325926304,-0.005644850526005029,0.0010268116981023867,-0.0044961231760680676,-0.008396688476204872,-0.0006191220963955875,-0.002268322976306081,-0.004789918614551425,0.00022972597689658737,False,False,-0.006853685331486929,0.0023170393788747674,False
original_cnn,MI,guided_response,integrated_gradients,tangent_integrated_gradients,-0.000361721555236727,-0.001900977868353948,0.001130154050770215,-0.004474573768675327,-0.006290331261698157,-0.002665087184868753,-0.004112852271646261,-0.005451821896713227,-0.00275283475057222,False,False,-0.006521807218358079,-0.0017038973249344429,True
original_cnn,MI,amplitude_matched_advantage,integrated_gradients,tangent_integrated_gradients,0.0007111974409781396,-0.001955375139368698,0.003368083375971764,-0.0015269163995981216,-0.004926733556203544,0.0017739439063006973,-0.002238113898783922,-0.004788530746009201,0.00026042942117783193,True,False,-0.006918113375722612,0.0024418855781547675,False
original_cnn,MI,guided_response,smoothgrad,tangent_saliency,0.004587796051055193,0.0025747828534804285,0.006625176139641553,0.001043681870214641,-0.0010334708029404282,0.0031243613106198584,-0.00354411406442523,-0.00485609812894836,-0.002234018594026566,False,False,-0.005909301676453501,-0.0011789264523969587,True
original_cnn,MI,amplitude_matched_advantage,smoothgrad,tangent_saliency,0.002549904864281416,-0.00012259454342711249,0.005319363251328467,0.0006068223156034946,-0.0025975862983614205,0.003951150365173816,-0.0019430821994319558,-0.004188068327493966,0.0002947342363768255,False,False,-0.005986494864055798,0.002100330465191886,False
original_cnn,MI,guided_response,smoothgrad,tangent_input_gradient,-0.009276350028812885,-0.012340483698062598,-0.0062368304701522,-0.01669202744960785,-0.02018404551781714,-0.013240115833468737,-0.007415677420794964,-0.009281284501776099,-0.005582530435640366,False,False,-0.010755201633342813,-0.004076153208247115,True
original_cnn,MI,amplitude_matched_advantage,smoothgrad,tangent_input_gradient,0.0009099380113184452,-0.002535405958769843,0.004347084683831774,-0.00240491540171206,-0.00649478716077283,0.0016630444297334153,-0.003314853413030505,-0.006008396297693253,-0.0006136730051366631,True,False,-0.00806920883415923,0.0014395020080982205,False
original_cnn,MI,guided_response,smoothgrad,tangent_integrated_gradients,-0.007522989064455032,-0.010912004299461842,-0.004282316169701517,-0.014598049223423004,-0.01859576622955501,-0.010789363132789734,-0.007075060158967972,-0.009073805809020997,-0.005193150450941176,False,False,-0.010589958507782455,-0.003560161810153488,True
original_cnn,MI,amplitude_matched_advantage,smoothgrad,tangent_integrated_gradients,0.00384893617592752,0.000556657966808416,0.007229720323812216,0.0005642911419272423,-0.0037952237529680134,0.004814714239910241,-0.0032846443355083466,-0.00613206768175587,-0.00048249646715703767,False,False,-0.0084930463412493,0.001923757670232608,False
original_cnn,MI,guided_response,tangent_saliency,tangent_input_gradient,-0.013864145614206791,-0.01686639143154025,-0.011019261227920652,-0.017735710367560387,-0.021118748001754284,-0.014348088414408268,-0.003871563356369734,-0.005683924956247211,-0.0020023154094815296,False,False,-0.007151389539028425,-0.0005917371737110427,True
original_cnn,MI,amplitude_matched_advantage,tangent_saliency,tangent_input_gradient,-0.0016399663873016834,-0.005028020404279232,0.0017029092065058646,-0.0030117377173155546,-0.006995326117612421,0.0007941353222122405,-0.0013717713300138712,-0.003932009648997337,0.001266640133690087,False,False,-0.006048670915564851,0.003305128255537109,False
original_cnn,MI,guided_response,tangent_saliency,tangent_integrated_gradients,-0.012110784649848938,-0.015394868329167366,-0.00885637861210853,-0.01564173214137554,-0.019470647117123006,-0.011848517577163879,-0.003530946560204029,-0.005503001518081874,-0.0015414132183650517,False,False,-0.007036722126280467,-2.5170994127591585e-05,True
original_cnn,MI,amplitude_matched_advantage,tangent_saliency,tangent_integrated_gradients,0.0012990309624001384,-0.002281672408571467,0.0048962255707010625,-4.253113365848549e-05,-0.0045438022818416355,0.004366152291186134,-0.0013415621360763907,-0.004096896480768919,0.0014233211695682238,True,False,-0.006378407510909048,0.0036952832387562662,False
original_cnn,MI,guided_response,tangent_input_gradient,tangent_integrated_gradients,0.0017533603822812438,-0.0006715122435707598,0.004223199083935469,0.002093977527692914,-0.0006841376016382127,0.004793623648583888,0.0003406169998925179,-0.0014269962848629802,0.001997904153540729,False,False,-0.0028244617040356352,0.003505695703820671,False
original_cnn,MI,amplitude_matched_advantage,tangent_input_gradient,tangent_integrated_gradients,0.0029389976989477873,-0.000450900632131379,0.0063664535293355565,0.0029692063108086586,-0.0011339155433233827,0.0068675402901135375,3.0209139367798343e-05,-0.0027990873728413134,0.002758164453553036,False,False,-0.005000727852528155,0.0050611461312637515,False
original_cnn,CD,guided_response,saliency,input_gradient,-0.007745510898530483,-0.010694551607593894,-0.004989891033619646,-0.009650527499616146,-0.012856992240995168,-0.006718387478031227,-0.0019050159025937319,-0.0032929658598732205,-0.000562072824686767,False,False,-0.004400881269880223,0.0005908494646927596,False
original_cnn,CD,amplitude_matched_advantage,saliency,input_gradient,0.0001903491938719526,-0.002883387502515688,0.0030717304442077873,-0.0003484266926534474,-0.004022187320515513,0.0030989500810392127,-0.0005387758137658238,-0.0029010896570980547,0.0017710830376017825,True,False,-0.00486335624719322,0.0037858046196615723,False
original_cnn,CD,guided_response,saliency,integrated_gradients,-0.0059820120222866535,-0.009055452910251916,-0.002948452369309962,-0.007368163205683231,-0.01074373428709805,-0.004184369486756624,-0.0013861512998118997,-0.0027544226380996407,-3.6043380350748185e-05,False,False,-0.003886012110576634,0.0011137095109528348,False
original_cnn,CD,amplitude_matched_advantage,saliency,integrated_gradients,0.004566671326756477,0.0013876867189537734,0.007619247213006017,0.0029407585971057415,-0.0009666332116466946,0.006756052980199452,-0.0016259123804047704,-0.0038122431084048,0.0005399003799539053,False,False,-0.0056137225226427735,0.0023618977618332327,False
original_cnn,CD,guided_response,saliency,smoothgrad,-0.00226470734924078,-0.00369690814986825,-0.000839250860735774,-0.001484379405155778,-0.0030337596370372923,1.5629508379788457e-05,0.0007803277694620192,-0.00016365543961001096,0.0016858273389516397,False,False,-0.0009058768657859487,0.0024665324047099873,False
original_cnn,CD,amplitude_matched_advantage,saliency,smoothgrad,-0.001569819636642933,-0.003690790571272373,0.0005773790049715896,-0.0012991743860766292,-0.00418095983332023,0.0015011025505373232,0.00027064484311267734,-0.0016913992614718155,0.002172100351890549,False,False,-0.0033311258265849237,0.0038724155128102783,False
original_cnn,CD,guided_response,saliency,tangent_saliency,-0.00026985787553712726,-0.0018680945417145266,0.0012737673037918281,-0.0016811289824545383,-0.003165991051355377,-0.00022864428392495233,-0.001411271165125072,-0.0024279116943944244,-0.00042502876458456746,False,False,-0.0032731415458173542,0.00045059921556721044,False
original_cnn,CD,amplitude_matched_advantage,saliency,tangent_saliency,0.00025361229199916124,-0.0019378325960133225,0.002401584782637655,-0.0004374393029138446,-0.003172061959048733,0.0021551998856011766,-0.0006910518277436495,-0.0026331389672122896,0.0011814391298685212,True,False,-0.0041705561911193866,0.0027884525356320876,False
original_cnn,CD,guided_response,saliency,tangent_input_gradient,-0.007533455733209848,-0.010532951354980469,-0.0047173318918794435,-0.013315138407051563,-0.01684003882110119,-0.009985139570198953,-0.0057816822081804276,-0.007323214947246015,-0.004278354335110638,False,False,-0.008546184313849872,-0.003017180102510984,True
original_cnn,CD,amplitude_matched_advantage,saliency,tangent_input_gradient,0.0014572179643437266,-0.001804318928043358,0.004478031652979549,-0.002554173581302166,-0.006431234488263726,0.0010288281890097992,-0.0040113916620612144,-0.006124288134742528,-0.0019342749961651898,True,False,-0.007845806584603245,-0.00017697673951918343,True
original_cnn,CD,guided_response,saliency,tangent_integrated_gradients,-0.0062502059154212475,-0.009596703830175102,-0.0029979255690705075,-0.01093306951224804,-0.01450976317282766,-0.007507984375115486,-0.00468286219984293,-0.0060817387886345385,-0.0033177278179209687,False,False,-0.0071894164146615955,-0.0021763079850242637,True
original_cnn,CD,amplitude_matched_advantage,saliency,tangent_integrated_gradients,0.001759905950166285,-0.001566022614133544,0.005080844950862227,-0.002781560877338052,-0.00669248184422031,0.0010275740874931202,-0.004541466943919659,-0.006706528493668884,-0.002422408817801625,True,False,-0.008440014951654739,-0.0006429189361845788,True
original_cnn,CD,guided_response,input_gradient,integrated_gradients,0.0017634995747357607,-0.0003697273321449756,0.004021675349213182,0.0022823642939329147,-8.759021966397992e-05,0.004778780369088053,0.0005188649520277977,-0.0008305254144943319,0.0019182021118467662,False,False,-0.0019170825794567123,0.0029548124835123077,False
original_cnn,CD,amplitude_matched_advantage,input_gradient,integrated_gradients,0.0043763224966824055,0.0014651421428425238,0.007494990190025419,0.003289185930043459,-0.00018184470791311467,0.0069493599934503415,-0.0010871363338083029,-0.003364762774435803,0.001200342286028898,False,False,-0.005249082581676332,0.003074809914059726,False
original_cnn,CD,guided_response,input_gradient,smoothgrad,0.005480804480612278,0.002727842453168705,0.00841699040029198,0.008166148327291012,0.005127123591955751,0.011347315390594298,0.002685343846678734,0.001408765293308534,0.004007721331436187,False,False,0.0003136596092232491,0.0050570280841342186,True
original_cnn,CD,amplitude_matched_advantage,input_gradient,smoothgrad,-0.001760169048793614,-0.004517515562474728,0.0011402929812902554,-0.0009507479844614863,-0.004293403425253928,0.0024579767079558213,0.0008094209479168057,-0.0013953563960967586,0.002983178629074244,False,False,-0.003193041665808997,0.004811883561642609,False
original_cnn,CD,guided_response,input_gradient,tangent_saliency,0.007475653663277626,0.004824680788442492,0.010426060925237826,0.007969398982822895,0.004948853061068803,0.011325745680369436,0.0004937450867146254,-0.0008428138680756091,0.001833888728288002,False,False,-0.0019431819417852205,0.0029306721152144713,False
original_cnn,CD,amplitude_matched_advantage,input_gradient,tangent_saliency,6.326316361082718e-05,-0.0028716911911033094,0.003073851286899296,-8.901279943529516e-05,-0.0035094294988084586,0.0034579485363792615,-0.00015227570838760585,-0.0022642124036792665,0.002043401123955846,True,False,-0.004095475717270606,0.0037909243004953944,False
original_cnn,CD,guided_response,input_gradient,tangent_input_gradient,0.00021205568918958306,-0.0012419635662809015,0.0016479640122270206,-0.00366461044177413,-0.005492435081396252,-0.0018716543854679914,-0.0038766663055866957,-0.005157518689520657,-0.002663685870356859,True,False,-0.006174506432620577,-0.0015788261785528142,True
original_cnn,CD,amplitude_matched_advantage,input_gradient,tangent_input_gradient,0.001266868319362402,-0.0012289730220800266,0.003797500883229075,-0.0022057476453483105,-0.0052420107647776605,0.00098595236195251,-0.0034726157318800688,-0.0057360261795110995,-0.0012127068650443136,True,False,-0.007671625862107412,0.0007263943983472744,False
original_cnn,CD,guided_response,input_gradient,tangent_integrated_gradients,0.0014953050995245576,-0.0008327275892952455,0.00386532779666595,-0.001282541430555284,-0.003642315336037427,0.0011223810986848506,-0.002777846297249198,-0.004244463390205055,-0.0013196422252804067,True,False,-0.005452325739957348,-0.0001033668545410483,True
original_cnn,CD,amplitude_matched_advantage,input_gradient,tangent_integrated_gradients,0.001569556538015604,-0.0012264121149200946,0.004578913224395364,-0.0024331342428922653,-0.0056397970416583116,0.0009428304503671782,-0.004002690780907869,-0.006419892481062561,-0.0015904123079963051,True,False,-0.008380692006032104,0.0003753104442163653,False
original_cnn,CD,guided_response,integrated_gradients,smoothgrad,0.00371730444021523,0.0007275974639924244,0.006870347680523989,0.005883784033358097,0.002777771936962381,0.009129535499960182,0.002166478894650936,0.000883904741203878,0.0034976573835592715,False,False,-0.00023682515605062899,0.004569782945352501,False
original_cnn,CD,amplitude_matched_advantage,integrated_gradients,smoothgrad,-0.006136490497738123,-0.009264095989055931,-0.003038537706015633,-0.0042399330995976925,-0.00799082622397691,-0.0005083156109321863,0.0018965575145557523,-0.0002844968330464326,0.004087234148755669,False,False,-0.002045289745938041,0.0058384047750495455,False
original_cnn,CD,guided_response,integrated_gradients,tangent_saliency,0.005712153855711222,0.0027627901057712735,0.008826261037029324,0.005687034223228693,0.002427697874372825,0.00917652256321162,-2.5119899873971008e-05,-0.00146796383196488,0.0014198437827872103,False,False,-0.002607246736944894,0.002557006937196952,False
original_cnn,CD,amplitude_matched_advantage,integrated_gradients,tangent_saliency,-0.004313058685511351,-0.0076357917161658405,-0.0010946496506221606,-0.003378198714926839,-0.007317430304829032,0.0006099896447267382,0.0009348608436994255,-0.0011356924922438338,0.003022654075175522,False,False,-0.0028513554569565315,0.004721077144355382,False
original_cnn,CD,guided_response,integrated_gradients,tangent_input_gradient,-0.0015514440601691604,-0.0038771526946220548,0.0007019414639216847,-0.005946974735707045,-0.008635887852869928,-0.0033667748619336645,-0.004395530559122562,-0.005907844961620867,-0.002885208214865998,False,False,-0.007184279350366117,-0.0016067817678790076,True
original_cnn,CD,amplitude_matched_advantage,integrated_gradients,tangent_input_gradient,-0.003109453711658716,-0.0063147915410809215,0.00010292748211213472,-0.005494933109730482,-0.009581765136681497,-0.0015284924127627177,-0.0023854796309024096,-0.004651322006247937,-9.852554303506624e-05,False,False,-0.006609645187149167,0.0018386859253443476,False
original_cnn,CD,guided_response,integrated_gradients,tangent_integrated_gradients,-0.0002681947953533381,-0.001900038102758117,0.001297746776253916,-0.0035649058409035206,-0.00538622320163995,-0.00178270134201739,-0.0032967112492769957,-0.004536371643189341,-0.0020695762592367836,False,False,-0.00551653869908731,-0.0010768837994666806,True
original_cnn,CD,amplitude_matched_advantage,integrated_gradients,tangent_integrated_gradients,-0.002806765725836158,-0.00537731028161943,-0.00031529798288829715,-0.005722320172935724,-0.009195624990388751,-0.002424570743460212,-0.002915554214268923,-0.005112468625884503,-0.0006673346200841559,False,False,-0.006837159652920255,0.0010060512243824093,False
original_cnn,CD,guided_response,smoothgrad,tangent_saliency,0.0019948494154959917,0.00028147351185907614,0.003648008243180808,-0.00019674950453918427,-0.0018866835191147402,0.0015096825052751223,-0.002191598992794752,-0.003244490100769326,-0.001120208806241863,True,False,-0.004121490929947418,-0.0002617070556420861,True
original_cnn,CD,amplitude_matched_advantage,smoothgrad,tangent_saliency,0.0018234318122267723,-0.0004775714813149534,0.004065236065071076,0.0008617349667474627,-0.0020696262829005716,0.0038200629584025578,-0.0009616967290639877,-0.0027501993463374674,0.000859292897803243,False,False,-0.004336277681978622,0.0024128842238506473,False
original_cnn,CD,guided_response,smoothgrad,tangent_input_gradient,-0.005268748849630356,-0.008240447728894651,-0.002445891330717132,-0.011830758303403854,-0.015401798579841853,-0.008493548701517285,-0.006562009919434786,-0.008114394638687373,-0.005038394045550376,False,False,-0.009380753844220206,-0.0037432659946493654,True
original_cnn,CD,amplitude_matched_advantage,smoothgrad,tangent_input_gradient,0.0030270377174019814,-3.01745053093327e-05,0.006058274069800973,-0.0012549994280561805,-0.0049147023702971636,0.002471557777607813,-0.004282036796212196,-0.006431433418765664,-0.0021195056033320725,True,False,-0.008225156837610721,-0.00033891675481367064,True
original_cnn,CD,guided_response,smoothgrad,tangent_integrated_gradients,-0.003985499497503042,-0.00733863286441192,-0.0007856052077841048,-0.00944868940860033,-0.012946750712580979,-0.006112848222255711,-0.005463189911097288,-0.006837231386452913,-0.004073522589169444,False,False,-0.007990414255279975,-0.0029359655669146008,True
original_cnn,CD,amplitude_matched_advantage,smoothgrad,tangent_integrated_gradients,0.0033297252375632524,0.00011739765704987806,0.006525465135928239,-0.0014823861420154572,-0.0049637347692623734,0.002194341731956228,-0.0048121120780706406,-0.006897008267696947,-0.002651379094459118,True,False,-0.00868006645216408,-0.0009441577039772013,True
original_cnn,CD,guided_response,tangent_saliency,tangent_input_gradient,-0.007263597566634417,-0.010158907459117471,-0.004473444540053608,-0.011634008027613163,-0.015224955510348082,-0.008377615804784,-0.004370411392301321,-0.005887186573818326,-0.0029033029277343316,False,False,-0.007072508296591476,-0.001668314488011166,True
original_cnn,CD,amplitude_matched_advantage,tangent_saliency,tangent_input_gradient,0.0012036055559292436,-0.0019044287124415859,0.0042480037198401955,-0.002116734627634287,-0.005733652715571224,0.0014595893793739373,-0.0033203400671482086,-0.005451995693147182,-0.0012507291830843328,True,False,-0.007207858842194683,0.0005671787078982663,False
original_cnn,CD,guided_response,tangent_saliency,tangent_integrated_gradients,-0.00598034868016839,-0.009198128175921739,-0.0029083064291626237,-0.009251940064132214,-0.012755134631879628,-0.005954150832258165,-0.0032715911511331797,-0.004666249942965805,-0.0018866841390263293,False,False,-0.005812633332351829,-0.0007305489699145299,True
original_cnn,CD,amplitude_matched_advantage,tangent_saliency,tangent_integrated_gradients,0.001506293541751802,-0.0014673452911665662,0.004580710851587355,-0.0023441212251782417,-0.005873676808550954,0.0011362639314029344,-0.0038504148833453655,-0.005845815071370453,-0.001736641913885251,True,False,-0.007538650081623055,-0.00016217968506767634,True
original_cnn,CD,guided_response,tangent_input_gradient,tangent_integrated_gradients,0.0012832493521273136,-0.0009275550983147696,0.003528297744924201,0.002382068894803524,4.99100317938428e-05,0.0047307801782153535,0.0010988196590915322,-0.0003469954921456519,0.002529524790588766,False,False,-0.001546238029498775,0.0037438773476818395,False
original_cnn,CD,amplitude_matched_advantage,tangent_input_gradient,tangent_integrated_gradients,0.0003026877238880843,-0.002598808956099674,0.003184823237825182,-0.00022738623374607414,-0.003435135836480185,0.0031320913461968278,-0.0005300745833665133,-0.0026577135606203227,0.0015850939962547264,True,False,-0.004367954065772577,0.0033078048990395504,False
residual_cnn,MI,guided_response,saliency,input_gradient,-0.01623123325407505,-0.019332865811884405,-0.013110142829827965,-0.01837402768433094,-0.021757557429373263,-0.014958406030200426,-0.0021427925676107407,-0.003663841099478304,-0.0005560718884225943,False,False,-0.004963395631740721,0.0006778104965192398,False
residual_cnn,MI,amplitude_matched_advantage,saliency,input_gradient,-0.0038210018537938595,-0.007121284492313862,-0.0005183582965401024,-0.0032457010820508003,-0.007028994907159358,0.0007093783249729283,0.0005753014702349901,-0.001824521058006212,0.002996053220704191,False,False,-0.003816441183203131,0.004967044123673111,False
residual_cnn,MI,guided_response,saliency,integrated_gradients,-0.01882144622504711,-0.02221318855881691,-0.015460284962318839,-0.020943183451890945,-0.024585288017988205,-0.01724277730099857,-0.0021217381581664085,-0.00373190141399391,-0.0004801658971700819,False,False,-0.005146172269393052,0.0009026959530602351,False
residual_cnn,MI,amplitude_matched_advantage,saliency,integrated_gradients,-0.006079797632992268,-0.009610382001847028,-0.002408353402279322,-0.007498918101191521,-0.011607284820638598,-0.003340287419268864,-0.0014191203517839313,-0.0038818271073978393,0.0010720848193159303,False,False,-0.005931372329614078,0.0030931316260462156,False
residual_cnn,MI,guided_response,saliency,smoothgrad,-0.0029878641944378614,-0.004581674735527485,-0.0013968427490908665,-0.0032693040557205677,-0.004974843363743276,-0.0014867557008983584,-0.00028143986128270626,-0.0013755718973698094,0.0008096213903627354,False,False,-0.002254165481336829,0.0016912857587714166,False
residual_cnn,MI,amplitude_matched_advantage,saliency,smoothgrad,-0.0026360275223851204,-0.005218069755937904,2.9976904261274873e-05,-0.001155539765022695,-0.004299513553269208,0.002160872606327757,0.0014804877573624253,-0.0006153511960292234,0.0036182105483021586,False,False,-0.0023059872862537696,0.00526696280097862,False
residual_cnn,MI,guided_response,saliency,tangent_saliency,-0.0022763086017221212,-0.003729190048761666,-0.0007646241734619268,-0.005183844361454248,-0.00678438872564584,-0.0035327475285157565,-0.002907536458224058,-0.0040654682787135245,-0.001791294285794722,False,False,-0.004972011997036341,-0.0008430609194117755,True
residual_cnn,MI,amplitude_matched_advantage,saliency,tangent_saliency,-0.001071110600605607,-0.0037813543574884536,0.0016121853754157184,-0.003015127731487155,-0.006358745612669736,0.00032094341149785773,-0.0019440167816355824,-0.004066598939243704,0.0001220616786667955,False,False,-0.005740231111240553,0.0018521975479693885,False
residual_cnn,MI,guided_response,saliency,tangent_input_gradient,-0.01799521967768669,-0.02117644380778074,-0.014876733045093715,-0.025300219655036926,-0.02892214311286807,-0.021723336214199668,-0.007305000443011522,-0.009021517750807107,-0.005643368978053332,False,False,-0.010321959687829403,-0.004288041198193641,True
residual_cnn,MI,amplitude_matched_advantage,saliency,tangent_input_gradient,-0.005982319824397564,-0.00937870100606233,-0.0025574072322342555,-0.010508578270673752,-0.014510422525927425,-0.00657078523654491,-0.004526258911937475,-0.007098325190600008,-0.0019872616569045942,False,False,-0.009129033663515331,7.651583964038075e-05,False
residual_cnn,MI,guided_response,saliency,tangent_integrated_gradients,-0.020039984956383705,-0.023576939990743995,-0.01657948177307844,-0.027493836358189583,-0.03144823284819722,-0.02349068420007825,-0.007453848607838154,-0.009129529120400548,-0.005747468571644278,False,False,-0.010639506378680729,-0.004268190836995579,True
residual_cnn,MI,amplitude_matched_advantage,saliency,tangent_integrated_gradients,-0.007632636930793524,-0.011212237225845457,-0.0038858622137922815,-0.012086167931556702,-0.016179659124463796,-0.00775493922410533,-0.004453531466424465,-0.00681147474097088,-0.0019961050595156847,False,False,-0.008864871177694099,-4.2191755154832346e-05,True
residual_cnn,MI,guided_response,input_gradient,integrated_gradients,-0.0025902106426656246,-0.0047899140627123415,-0.00045834010161343187,-0.0025691562332212925,-0.00501901211682707,-0.00019940264246543396,2.1054594981251284e-05,-0.0013909268571296706,0.001392656686948612,False,False,-0.0025321736260443505,0.002574282816006853,False
residual_cnn,MI,amplitude_matched_advantage,input_gradient,integrated_gradients,-0.0022587962448596954,-0.005600402981508523,0.0009963493037503184,-0.004253217484802008,-0.008489097002893686,-0.00028700939728879086,-0.001994421472772956,-0.004599652125034481,0.0005331733191269409,False,False,-0.006601578107557696,0.002612735162011784,False
residual_cnn,MI,guided_response,input_gradient,smoothgrad,0.01324336975812912,0.010250010155141353,0.01635147747583687,0.01510472223162651,0.011739618610590696,0.018471473176032302,0.0018613524734973907,0.00020938392553944142,0.00345672367257066,False,False,-0.0010392205871751102,0.004761925534169892,False
residual_cnn,MI,amplitude_matched_advantage,input_gradient,smoothgrad,0.0011849751463159919,-0.0020972892874851824,0.004579479899257415,0.0020901612006127834,-0.0020265596045646816,0.006213260872755199,0.0009051860542967916,-0.0016319851216394453,0.0035088429925963275,False,False,-0.0037730223184608315,0.005583394427054415,False
residual_cnn,MI,guided_response,input_gradient,tangent_saliency,0.01395492535084486,0.011013825493864714,0.01693659946322441,0.013190180994570255,0.009986097505316139,0.016566075617447492,-0.0007647440652363002,-0.002416625147452578,0.0008382015497772938,False,False,-0.0036722828799556698,0.0021427947494830693,False
residual_cnn,MI,amplitude_matched_advantage,input_gradient,tangent_saliency,0.002749891486018896,-0.0007762802473735063,0.006301109550986434,0.00023057394719216973,-0.003938932006713003,0.004275368468370285,-0.0025193181354552507,-0.004993249790277332,-0.0001281144290260293,False,False,-0.006899222251767647,0.0018605859808571452,False
residual_cnn,MI,guided_response,input_gradient,tangent_input_gradient,-0.0017639865400269628,-0.0034879718907177447,-7.257816250785298e-05,-0.0069261942990124226,-0.008693066169507801,-0.005159329529851675,-0.005162207409739494,-0.006499510095454753,-0.003785591217456387,False,False,-0.007616535320993295,-0.002707879498485693,True
residual_cnn,MI,amplitude_matched_advantage,input_gradient,tangent_input_gradient,-0.002161316806450486,-0.0053838200285099445,0.0009269158501410851,-0.007262877654284239,-0.01107763210311532,-0.003351411153562367,-0.005101560149341822,-0.007641251047607512,-0.0025128684239462034,False,False,-0.00976858395989911,-0.00043453633878453267,True
residual_cnn,MI,guided_response,input_gradient,tangent_integrated_gradients,-0.003808752167969942,-0.006187958922237158,-0.001471847255015747,-0.009119809605181217,-0.011856350931338966,-0.006512952258344741,-0.0053110565058887005,-0.006791325041558593,-0.003777744347462432,False,False,-0.008147849426862459,-0.002474263584914942,True
residual_cnn,MI,amplitude_matched_advantage,input_gradient,tangent_integrated_gradients,-0.0038116350769996643,-0.007106849097181111,-0.0005629444014630319,-0.008840467780828476,-0.012769440957345068,-0.00480678292224184,-0.005028832703828812,-0.007527078862767667,-0.0024074389482848365,False,False,-0.009869745600037906,-0.00018791980761971756,True
residual_cnn,MI,guided_response,integrated_gradients,smoothgrad,0.015833580866456032,0.012493575667031109,0.019102417025715114,0.017673877999186516,0.013980188546702266,0.02129814433865249,0.0018402981804683805,0.00015903485400485808,0.0035107431060168877,False,False,-0.001256734683679496,0.0049373310446162565,False
residual_cnn,MI,amplitude_matched_advantage,integrated_gradients,smoothgrad,0.0034437705762684345,-0.00016497953220095943,0.0071859768941067124,0.006343378219753504,0.0021147163584828376,0.010506916395388541,0.0028996076434850693,0.00031291153572965413,0.005503188434522598,False,False,-0.0018347592559483546,0.007633974542918493,False
residual_cnn,MI,guided_response,integrated_gradients,tangent_saliency,0.016545135527849197,0.013384452764876187,0.019772047828882932,0.015759337693452835,0.012240887247025966,0.01940646464936435,-0.0007857984746806324,-0.0024016595794819295,0.0008868264849297701,False,False,-0.0038536733518060554,0.0022820764024447907,False
residual_cnn,MI,amplitude_matched_advantage,integrated_gradients,tangent_saliency,0.005008686799556017,0.0013366894621867687,0.008707918412983415,0.004483790602535009,0.00013805816088279248,0.008947683707810935,-0.0005248968373052776,-0.003087198734283447,0.0020830047375056874,False,False,-0.005197321174471165,0.00414752749986061,False
residual_cnn,MI,guided_response,integrated_gradients,tangent_input_gradient,0.0008262242190539837,-0.0013633903989102689,0.0030339117860421513,-0.004357037600129843,-0.006884072301909327,-0.0018402546964352957,-0.0051832618191838264,-0.006762786756735295,-0.0036015804333146668,True,False,-0.008081297272927519,-0.002285226365440135,True
residual_cnn,MI,amplitude_matched_advantage,integrated_gradients,tangent_input_gradient,9.747841977514327e-05,-0.0033024155418388546,0.00354471505852416,-0.0030096606351435184,-0.007347795879468322,0.001252458296949043,-0.0031071386765688658,-0.005818611371796578,-0.0003929898819478701,True,False,-0.008085589784583857,0.0018713124314461262,False
residual_cnn,MI,guided_response,integrated_gradients,tangent_integrated_gradients,-0.0012185417581349611,-0.0029346315015573053,0.0004895918245892965,-0.006550651974976063,-0.008415344730019569,-0.004725669766776265,-0.005332110915333033,-0.006638676323927939,-0.004023494047578425,False,False,-0.007767528191220226,-0.0028966936394458393,True
residual_cnn,MI,amplitude_matched_advantage,integrated_gradients,tangent_integrated_gradients,-0.0015528392978012562,-0.004530475533101708,0.0013773018843494331,-0.004587250761687756,-0.008185810782015324,-0.0011447543191025044,-0.0030344114638864994,-0.00554162673652172,-0.000623991584870966,False,False,-0.007556777025774117,0.0014879540980011182,False
residual_cnn,MI,guided_response,smoothgrad,tangent_saliency,0.0007115560001693666,-0.0010080949519760906,0.002516202843980862,-0.001914540771394968,-0.0037999500462319704,-3.520060945447933e-05,-0.0026260968297719955,-0.0038646556320600213,-0.0014193998445989574,True,False,-0.004864726686704223,-0.0003874669728397679,True
residual_cnn,MI,amplitude_matched_advantage,smoothgrad,tangent_saliency,0.0015649168053641915,-0.0011705899669323117,0.004337766324169932,-0.0018595881992951035,-0.005376767937559634,0.0015710878040408676,-0.003424504306167364,-0.005756178498268127,-0.0012047808762872616,True,False,-0.007561346625401269,0.0007123380130665408,False
residual_cnn,MI,guided_response,smoothgrad,tangent_input_gradient,-0.01500735618174076,-0.01816545072942972,-0.011885078554041684,-0.022030917927622795,-0.025581374298781157,-0.01849811817519367,-0.007023560348898172,-0.008688483713194728,-0.00534287253394723,False,False,-0.010113830308455873,-0.003933290389340472,True
residual_cnn,MI,amplitude_matched_advantage,smoothgrad,tangent_input_gradient,-0.0033462918363511562,-0.006912405637558549,0.00020303914898249671,-0.009353038854897022,-0.013602994498796761,-0.005178094876464465,-0.006006746552884579,-0.008793878438882529,-0.00321545342449099,False,False,-0.011015401924067065,-0.0009980911817020922,True
residual_cnn,MI,guided_response,smoothgrad,tangent_integrated_gradients,-0.017052121460437775,-0.02055166712962091,-0.013668428570963443,-0.024224530905485153,-0.02814136533997953,-0.02034630603156984,-0.007172408979386091,-0.00891811246983707,-0.0054235150804743185,False,False,-0.010419104340152262,-0.00392571361861992,True
residual_cnn,MI,amplitude_matched_advantage,smoothgrad,tangent_integrated_gradients,-0.004996609874069691,-0.008590562944300472,-0.0013932312373071921,-0.010930629447102547,-0.015206019580364227,-0.006539863115176559,-0.005934019107371569,-0.008560989471152424,-0.003293305047554896,False,False,-0.010728560910855495,-0.0011394773038876423,True
residual_cnn,MI,guided_response,tangent_saliency,tangent_input_gradient,-0.015718912705779076,-0.01873098467476666,-0.012815095623955131,-0.020116375759243965,-0.02358986814506352,-0.016791422292590143,-0.004397463984787464,-0.006012561474926769,-0.0027984132815618086,False,False,-0.00728672164640676,-0.0015082063231681682,True
residual_cnn,MI,amplitude_matched_advantage,tangent_saliency,tangent_input_gradient,-0.004911208525300026,-0.008603813289664685,-0.0013871198607375858,-0.007493450306355953,-0.01167625947855413,-0.0034508089360315375,-0.002582242013886571,-0.005076879227999598,-1.2266820135665061e-05,False,False,-0.007206116877061725,0.002041632849288583,False
residual_cnn,MI,guided_response,tangent_saliency,tangent_integrated_gradients,-0.01776367798447609,-0.021149058174341918,-0.01446121791377664,-0.022309990599751472,-0.026202867086976767,-0.018561121402308346,-0.004546312149614096,-0.006251666520256549,-0.0028553184121847155,False,False,-0.007708622973752386,-0.0013840013254758057,True
residual_cnn,MI,amplitude_matched_advantage,tangent_saliency,tangent_integrated_gradients,-0.006561526097357273,-0.010323317698203027,-0.002737783978227527,-0.009071040898561478,-0.013297807890921831,-0.004582626849878583,-0.0025095148012042046,-0.005047289363574237,0.00015370166802313145,False,False,-0.00720186862647738,0.0021828390240689706,False
residual_cnn,MI,guided_response,tangent_input_gradient,tangent_integrated_gradients,-0.002044765744358301,-0.00422594906995073,9.686625617177889e-05,-0.0021936141420155764,-0.00467203923035413,0.0003185211695381413,-0.00014884877600707114,-0.0015530252596363426,0.0012920887093059701,False,False,-0.002815748682824162,0.00251805113081002,False
residual_cnn,MI,amplitude_matched_advantage,tangent_input_gradient,tangent_integrated_gradients,-0.0016503174556419253,-0.004957277502398938,0.0016984626301564253,-0.0015775903593748808,-0.005549538298510015,0.0024388193152844848,7.272726361406967e-05,-0.0026109177561011165,0.002676039753714574,False,False,-0.004689952730780706,0.004835407258008845,False
residual_cnn,CD,guided_response,saliency,input_gradient,-0.01110874954611063,-0.013654766790568828,-0.00875301875639707,-0.011325303465127945,-0.013958042161539197,-0.008835928165353835,-0.00021655306045431644,-0.0014708173752296717,0.0010394091048510745,False,False,-0.0024911067397446795,0.0020580006188360466,False
residual_cnn,CD,amplitude_matched_advantage,saliency,input_gradient,-0.0018869659397751093,-0.004456641001161188,0.0006020333938067776,-0.0020298161543905735,-0.005004619841929525,0.0008288362776511336,-0.000142849690746516,-0.0022731139324605465,0.001838672356097955,False,False,-0.003844365771615984,0.003558666390122952,False
residual_cnn,CD,guided_response,saliency,integrated_gradients,-0.011941409669816494,-0.014776042243465782,-0.009381519234739245,-0.01209248136729002,-0.015050543402321637,-0.009350173291750254,-0.000151072206790559,-0.0013917267468059435,0.0011347377934725897,False,False,-0.002432679981170849,0.002130535567589731,False
residual_cnn,CD,amplitude_matched_advantage,saliency,integrated_gradients,-0.002206807490438223,-0.004962847102433443,0.0004293275953386908,-0.002426910912618041,-0.0055368568864651024,0.00048823912511579605,-0.00022010398970451206,-0.002182661188999191,0.0017506646137917408,False,False,-0.003815962508364047,0.003375754528955023,False
residual_cnn,CD,guided_response,saliency,smoothgrad,-0.0028633971232920885,-0.004106197867076844,-0.0015912130009382965,-0.0029250136576592922,-0.004198187158908695,-0.001606986048864201,-6.161625788081437e-05,-0.000864842657756526,0.0007301145858946252,False,False,-0.0014855740173011006,0.0013623415015394718,False
residual_cnn,CD,amplitude_matched_advantage,saliency,smoothgrad,-0.001067455392330885,-0.002957762900041416,0.0008604736838606153,-0.0011934853391721845,-0.0037663507740944625,0.0013609499030280852,-0.00012602978677023202,-0.0018181345658376813,0.0015705399477155878,False,False,-0.0032736142427662205,0.0030215546692257565,False
residual_cnn,CD,guided_response,saliency,tangent_saliency,-0.00010622523404890671,-0.0012533079949207603,0.0010057922248961392,-0.0018137040315195918,-0.002998150879284367,-0.0006416545817046429,-0.0017074786592274904,-0.0025174263166263698,-0.0009065889273188087,False,False,-0.003149725735967469,-0.00026523158248751167,True
residual_cnn,CD,amplitude_matched_advantage,saliency,tangent_saliency,0.0006526492652483284,-0.0014834243920631707,0.0026937634975183733,0.0001344944175798446,-0.0022573136957362294,0.0025575339153874658,-0.000518155109602958,-0.002213547728024423,0.0013158431043848381,False,False,-0.0037163573085598704,0.0026800470893539544,False
residual_cnn,CD,guided_response,saliency,tangent_input_gradient,-0.010547271929681301,-0.01316333815921098,-0.00806221675593406,-0.01242128573358059,-0.01529706979636103,-0.009722355171106757,-0.0018740131054073572,-0.003122532379347831,-0.0006500205243355603,False,False,-0.00412771034365521,0.00037968413284049547,False
residual_cnn,CD,amplitude_matched_advantage,saliency,tangent_input_gradient,-4.0338218241231516e-05,-0.0026657367940060793,0.0024474759877193713,-0.000790132733527571,-0.004107066756114363,0.0023242316034156807,-0.0007497947080992162,-0.0029063810186926277,0.0013908879191149024,False,False,-0.004702208562169861,0.003202619145971429,False
residual_cnn,CD,guided_response,saliency,tangent_integrated_gradients,-0.009953713975846767,-0.012781763006933034,-0.007312863203696907,-0.013258714228868484,-0.0162150586489588,-0.010533853829838336,-0.003305000253021717,-0.004556934616994112,-0.0020631735445931563,False,False,-0.0055782388649365,-0.0010317616411069344,True
residual_cnn,CD,amplitude_matched_advantage,saliency,tangent_integrated_gradients,0.0005513550713658333,-0.0022658663685433565,0.003302730049472302,-0.002051923656836152,-0.004971213359385729,0.0009528498252620901,-0.0026032787282019854,-0.00478023641044274,-0.0004074695549206817,True,False,-0.006499331415479103,0.0012927739590751323,False
residual_cnn,CD,guided_response,input_gradient,integrated_gradients,-0.0008326596580445766,-0.0026557584991678596,0.0009187384537653977,-0.0007671785424463451,-0.0026085273071657865,0.0010832393250893792,6.54811883578077e-05,-0.0011437511799158528,0.001321701589040458,False,False,-0.0022170993841909513,0.0023480617609065667,False
residual_cnn,CD,amplitude_matched_advantage,input_gradient,integrated_gradients,-0.00031984091037884355,-0.003120819467585534,0.002315491792978719,-0.0003970953112002462,-0.003396816470194608,0.0025727638625539823,-7.725423347437754e-05,-0.0022192440927028658,0.0020523386716376976,False,False,-0.0039579464648854396,0.003803437997936684,False
residual_cnn,CD,guided_response,input_gradient,smoothgrad,0.008245352655649185,0.005947536078747362,0.010662267263978715,0.008400289341807365,0.005903877527453005,0.010946611198596653,0.00015493696264456958,-0.0011419372633099556,0.0014797776530031115,False,False,-0.002212247533766965,0.0025221214590561043,False
residual_cnn,CD,amplitude_matched_advantage,input_gradient,smoothgrad,0.0008195105474442244,-0.0018652736034709958,0.0035335545369889585,0.0008363306405954063,-0.0024174280872102825,0.004007693065796045,1.6820102246128954e-05,-0.0019430164335062726,0.0020258547738194466,False,False,-0.0036321703203391043,0.003665810524831362,False
residual_cnn,CD,guided_response,input_gradient,tangent_saliency,0.011002523824572563,0.008570964075624942,0.013569229119457304,0.009511598385870457,0.006958571122959256,0.01221461987588554,-0.0014909256715327501,-0.002811847883276641,-0.00016056811291491642,False,False,-0.003909925329782687,0.0009280739867171864,False
residual_cnn,CD,amplitude_matched_advantage,input_gradient,tangent_saliency,0.002539615612477064,-0.0002201077939389506,0.005223170563112941,0.0021643098443746567,-0.0009613518690457566,0.005330946471076456,-0.0003753055352717638,-0.002533435542136431,0.0017629079316975548,False,False,-0.004290938114585297,0.0035403270440417696,False
residual_cnn,CD,guided_response,input_gradient,tangent_input_gradient,0.0005614776746369898,-0.0008564847172237932,0.0019749713013879956,-0.0010959822684526443,-0.00252025926602073,0.0003243839251808818,-0.001657460001297295,-0.002794774406356737,-0.0004923103304463439,True,False,-0.0037549732061628537,0.0004400532035682635,False
residual_cnn,CD,amplitude_matched_advantage,input_gradient,tangent_input_gradient,0.0018466279143467546,-0.0008067537462920881,0.004391560237854718,0.0012396828969940543,-0.0016048974153818562,0.00404436073731631,-0.0006069447845220566,-0.0026105713564902543,0.0014820523938396943,False,False,-0.004293198798838827,0.003079309229794714,False
residual_cnn,CD,guided_response,input_gradient,tangent_integrated_gradients,0.0011550351046025753,-0.0007053992041619494,0.0029314713203348213,-0.0019334120443090796,-0.003893016919028014,-3.121589525108216e-05,-0.003088447032496333,-0.004454230761621147,-0.0017170251056086272,True,False,-0.005562578200461772,-0.0006143158645308946,True
residual_cnn,CD,amplitude_matched_advantage,input_gradient,tangent_integrated_gradients,0.0024383212439715862,-0.000122383681446081,0.005129899526946245,-2.2107959011918865e-05,-0.002992912317859009,0.002895531826652585,-0.0024604294449090958,-0.004659410053864122,-0.00026969170139636847,True,False,-0.006451334873077587,0.0015304759832593957,False
residual_cnn,CD,guided_response,integrated_gradients,smoothgrad,0.00907801277935505,0.0064650968182832,0.01183383010793477,0.00916746724396944,0.006424310884904116,0.012040281272493302,8.945575245888904e-05,-0.0012401727202814073,0.0013292765972437298,False,False,-0.0022800021651081374,0.0024589136700259155,False
residual_cnn,CD,amplitude_matched_advantage,integrated_gradients,smoothgrad,0.0011393516324460506,-0.0016682363115251065,0.003926759469322859,0.0012334258062765002,-0.0019758898997679353,0.0044572280603460915,9.407398465555161e-05,-0.001974137930665165,0.0020813072507735336,False,False,-0.0036373993394031904,0.0038255473087142936,False
residual_cnn,CD,guided_response,integrated_gradients,tangent_saliency,0.011835183948278427,0.009080791566520929,0.014829432335682211,0.010278778150677681,0.007480994611978531,0.013371334946714341,-0.0015564064960926771,-0.002913558011641726,-0.00023841281290515372,False,False,-0.003959898323845483,0.0008470853316601286,False
residual_cnn,CD,amplitude_matched_advantage,integrated_gradients,tangent_saliency,0.0028594564646482468,8.272154318547114e-05,0.0057813496212474995,0.0025614057667553425,-0.0002825829280482139,0.005625518946908413,-0.0002980511053465307,-0.0022987698204815386,0.001723711306112816,False,False,-0.00395397525311705,0.0033578730424239887,False
residual_cnn,CD,guided_response,integrated_gradients,tangent_input_gradient,0.0013941373908892274,-0.00047746601994731465,0.003238326247083019,-0.0003288034931756556,-0.002295922546181828,0.0016075728111900388,-0.0017229411751031876,-0.003047743305796757,-0.00044801136318710653,True,False,-0.0040619683247430285,0.0006160859745366529,False
residual_cnn,CD,amplitude_matched_advantage,integrated_gradients,tangent_input_gradient,0.0021664691157639027,-0.0007107538898708299,0.0049372268724255245,0.0016367783537134528,-0.0016515687166247517,0.0049369491753168395,-0.0005296908202581108,-0.002715294901281595,0.001624516694573685,False,False,-0.004523724191235567,0.0034643425507193456,False
residual_cnn,CD,guided_response,integrated_gradients,tangent_integrated_gradients,0.0019876945298165083,0.0006809178303228691,0.0033157396770548075,-0.0011662335600703955,-0.002456157637061551,6.475192876678095e-05,-0.0031539283227175474,-0.00422337626805529,-0.0021071567491162575,True,False,-0.005132366384437514,-0.0011754902609975807,True
residual_cnn,CD,amplitude_matched_advantage,integrated_gradients,tangent_integrated_gradients,0.0027581623289734125,0.0001763442996889354,0.00536223662784323,0.0003749872266780585,-0.002382411388680339,0.003153260564431546,-0.00238317484036088,-0.004414326080586761,-0.0004331903350248503,False,False,-0.006062757640553966,0.0012964079598322062,False
residual_cnn,CD,guided_response,smoothgrad,tangent_saliency,0.002757171867415309,0.0013714885018998757,0.004162164509762078,0.0011113095097243786,-0.00026623612357070666,0.0025448974862229074,-0.0016458623576909304,-0.002530666551319882,-0.0007473630408640031,False,False,-0.0032900744339971807,-1.650281384680272e-06,True
residual_cnn,CD,amplitude_matched_advantage,smoothgrad,tangent_saliency,0.0017201048322021961,-0.0005144792492501437,0.0038760695955716057,0.0013279796112328768,-0.0014649281947640702,0.0041644555283710345,-0.0003921252500731498,-0.002297360060038045,0.0015796439081896096,False,False,-0.003996019035549664,0.0032117685354033647,False
residual_cnn,CD,guided_response,smoothgrad,tangent_input_gradient,-0.007683875039219856,-0.01015094358008355,-0.005313732288777833,-0.009496270678937435,-0.0122278128284961,-0.006859019014518708,-0.0018123966874554753,-0.0031171813723631205,-0.0005271682661259548,False,False,-0.00414093951373155,0.000516146138820599,False
residual_cnn,CD,amplitude_matched_advantage,smoothgrad,tangent_input_gradient,0.0010271170176565647,-0.0014773480303119867,0.0035289731691591436,0.0004033524892292917,-0.002777846978278831,0.0036880311614368097,-0.0006237647612579167,-0.002688777231378481,0.0014888122386764722,False,False,-0.004465908897050692,0.0032183793745348584,False
residual_cnn,CD,guided_response,smoothgrad,tangent_integrated_gradients,-0.00709031755104661,-0.009764746576547623,-0.004501531634014102,-0.010333701968193054,-0.013108213106170297,-0.007620118348859251,-0.003243383951485157,-0.0044395924895070495,-0.002014053973834963,False,False,-0.00545836666963787,-0.0010284012333324432,True
residual_cnn,CD,amplitude_matched_advantage,smoothgrad,tangent_integrated_gradients,0.0016188106965273619,-0.0010914303536992517,0.004313674336299297,-0.0008584386087022722,-0.003914850484579802,0.002244078327203162,-0.0024772488977760077,-0.004564829764422029,-0.00035905534969061246,True,False,-0.006380696274638447,0.001426198479086432,False
residual_cnn,CD,guided_response,tangent_saliency,tangent_input_gradient,-0.010441047139465809,-0.013064237404614687,-0.007936535333283246,-0.010607581585645676,-0.013437354913912713,-0.007929089269600809,-0.0001665346062509343,-0.0014410400239285082,0.0010776784678455439,False,False,-0.0024438075986913744,0.0021107383861895057,False
residual_cnn,CD,amplitude_matched_advantage,tangent_saliency,tangent_input_gradient,-0.0006929873488843441,-0.0032032042625360193,0.0018865392223233349,-0.0009246268891729414,-0.004169584170449525,0.002264247665880244,-0.00023163968580774963,-0.0025141115300357344,0.0019068658875767135,False,False,-0.004270165541642106,0.003806886170026607,False
residual_cnn,CD,guided_response,tangent_saliency,tangent_integrated_gradients,-0.0098474882543087,-0.012710950546897947,-0.007151126768440009,-0.011445011012256145,-0.01451789892744273,-0.008651369996368886,-0.0015975215937942266,-0.002851149992784485,-0.00033382719702785895,False,False,-0.003898500339924267,0.0007034571523358139,False
residual_cnn,CD,amplitude_matched_advantage,tangent_saliency,tangent_integrated_gradients,-0.0001012941575027071,-0.0030157485045492647,0.002831047849031164,-0.00218641827814281,-0.005464700795710087,0.0008655519734020326,-0.0020851236768066883,-0.004177347500808537,-2.8581740571098914e-05,False,False,-0.0058491806107045016,0.0016789332570911254,False
residual_cnn,CD,guided_response,tangent_input_gradient,tangent_integrated_gradients,0.0005935571389272809,-0.001106315231299959,0.0022205416869837784,-0.0008374300668947399,-0.0026828847010619936,0.0009820319566642866,-0.0014309872640296817,-0.0026949655206408353,-0.00014435287921514978,True,False,-0.003709570090371587,0.0008475955623122237,False
residual_cnn,CD,amplitude_matched_advantage,tangent_input_gradient,tangent_integrated_gradients,0.000591693096794188,-0.0020237645716406406,0.003251793893286957,-0.001261790981516242,-0.00447179899783805,0.0018013932101894163,-0.0018534844275563955,-0.004088084306567907,0.00035246629049652143,True,False,-0.005990656246320571,0.00228368739120778,False
