mask_policy,task,method,lambda,operator,response
fixed_masks,MI,saliency,0,independent,0.06273022225915313
fixed_masks,MI,saliency,0,energy_matched,0.07338747653312858
fixed_masks,MI,saliency,1,independent,0.06300298842398282
fixed_masks,MI,saliency,1,energy_matched,0.07338747653312859
fixed_masks,MI,saliency,3,independent,0.0642961991033617
fixed_masks,MI,saliency,3,energy_matched,0.07338747653312858
fixed_masks,MI,saliency,10,independent,0.07430093104616951
fixed_masks,MI,saliency,10,energy_matched,0.07338747653312856
fixed_masks,MI,saliency,30,independent,0.11066190024073426
fixed_masks,MI,saliency,30,energy_matched,0.07338747653312858
fixed_masks,MI,input_gradient,0,independent,0.0781623200484768
fixed_masks,MI,input_gradient,0,energy_matched,0.09032819463806757
fixed_masks,MI,input_gradient,1,independent,0.07782434608469121
fixed_masks,MI,input_gradient,1,energy_matched,0.09032819463806757
fixed_masks,MI,input_gradient,3,independent,0.07918434637694037
fixed_masks,MI,input_gradient,3,energy_matched,0.09032819463806757
fixed_masks,MI,input_gradient,10,independent,0.101613864715062
fixed_masks,MI,input_gradient,10,energy_matched,0.09032819463806757
fixed_masks,MI,input_gradient,30,independent,0.17778091060575238
fixed_masks,MI,input_gradient,30,energy_matched,0.09032819463806757
fixed_masks,MI,integrated_gradients,0,independent,0.07636232821146903
fixed_masks,MI,integrated_gradients,0,energy_matched,0.09090495383397774
fixed_masks,MI,integrated_gradients,1,independent,0.07598816296205016
fixed_masks,MI,integrated_gradients,1,energy_matched,0.09090495383397774
fixed_masks,MI,integrated_gradients,3,independent,0.07836401799128191
fixed_masks,MI,integrated_gradients,3,energy_matched,0.09090495383397774
fixed_masks,MI,integrated_gradients,10,independent,0.1088586052590534
fixed_masks,MI,integrated_gradients,10,energy_matched,0.09090495383397774
fixed_masks,MI,integrated_gradients,30,independent,0.19642325997007623
fixed_masks,MI,integrated_gradients,30,energy_matched,0.09090495383397774
fixed_masks,CD,saliency,0,independent,0.04100556397475268
fixed_masks,CD,saliency,0,energy_matched,0.04678857491514886
fixed_masks,CD,saliency,1,independent,0.0410167356208063
fixed_masks,CD,saliency,1,energy_matched,0.04678857491514885
fixed_masks,CD,saliency,3,independent,0.04145631657271172
fixed_masks,CD,saliency,3,energy_matched,0.04678857491514886
fixed_masks,CD,saliency,10,independent,0.048108527917348966
fixed_masks,CD,saliency,10,energy_matched,0.04678857491514886
fixed_masks,CD,saliency,30,independent,0.07990029463442651
fixed_masks,CD,saliency,30,energy_matched,0.04678857491514886
fixed_masks,CD,input_gradient,0,independent,0.053386021299137984
fixed_masks,CD,input_gradient,0,energy_matched,0.061477922664016714
fixed_masks,CD,input_gradient,1,independent,0.05320201579978969
fixed_masks,CD,input_gradient,1,energy_matched,0.061477922664016714
fixed_masks,CD,input_gradient,3,independent,0.05528885043900346
fixed_masks,CD,input_gradient,3,energy_matched,0.061477922664016714
fixed_masks,CD,input_gradient,10,independent,0.07573308863902213
fixed_masks,CD,input_gradient,10,energy_matched,0.06147792266401671
fixed_masks,CD,input_gradient,30,independent,0.13894273919029482
fixed_masks,CD,input_gradient,30,energy_matched,0.0614779226640167
fixed_masks,CD,integrated_gradients,0,independent,0.04888020033316607
fixed_masks,CD,integrated_gradients,0,energy_matched,0.057808342254126725
fixed_masks,CD,integrated_gradients,1,independent,0.049632137561066554
fixed_masks,CD,integrated_gradients,1,energy_matched,0.057808342254126725
fixed_masks,CD,integrated_gradients,3,independent,0.05305882471510917
fixed_masks,CD,integrated_gradients,3,energy_matched,0.057808342254126725
fixed_masks,CD,integrated_gradients,10,independent,0.07624386281161195
fixed_masks,CD,integrated_gradients,10,energy_matched,0.05780834225412671
fixed_masks,CD,integrated_gradients,30,independent,0.15293706631811343
fixed_masks,CD,integrated_gradients,30,energy_matched,0.05780834225412672
recomputed_masks,MI,saliency,0,independent,0.06273022225915313
recomputed_masks,MI,saliency,0,energy_matched,0.07338747653312858
recomputed_masks,MI,saliency,1,independent,0.06248885115796296
recomputed_masks,MI,saliency,1,energy_matched,0.07300726188101672
recomputed_masks,MI,saliency,3,independent,0.06136980171224992
recomputed_masks,MI,saliency,3,energy_matched,0.05741474196770479
recomputed_masks,MI,saliency,10,independent,0.12779163025366355
recomputed_masks,MI,saliency,10,energy_matched,0.03151493295887874
recomputed_masks,MI,saliency,30,independent,0.3105402860479331
recomputed_masks,MI,saliency,30,energy_matched,0.02911761206900126
recomputed_masks,MI,input_gradient,0,independent,0.0781623200484768
recomputed_masks,MI,input_gradient,0,energy_matched,0.09032819463806757
recomputed_masks,MI,input_gradient,1,independent,0.07921918833835082
recomputed_masks,MI,input_gradient,1,energy_matched,0.08947424730241735
recomputed_masks,MI,input_gradient,3,independent,0.07266387786598894
recomputed_masks,MI,input_gradient,3,energy_matched,0.06925800934951555
recomputed_masks,MI,input_gradient,10,independent,0.09104886987051881
recomputed_masks,MI,input_gradient,10,energy_matched,0.04279348967397659
recomputed_masks,MI,input_gradient,30,independent,0.19353494880964126
recomputed_masks,MI,input_gradient,30,energy_matched,0.03969812152742646
recomputed_masks,MI,integrated_gradients,0,independent,0.07636232821146903
recomputed_masks,MI,integrated_gradients,0,energy_matched,0.09090495383397774
recomputed_masks,MI,integrated_gradients,1,independent,0.07621878428395577
recomputed_masks,MI,integrated_gradients,1,energy_matched,0.09021875944708858
recomputed_masks,MI,integrated_gradients,3,independent,0.0701611702666002
recomputed_masks,MI,integrated_gradients,3,energy_matched,0.06976778891519439
recomputed_masks,MI,integrated_gradients,10,independent,0.09198653579519304
recomputed_masks,MI,integrated_gradients,10,energy_matched,0.042324282053935784
recomputed_masks,MI,integrated_gradients,30,independent,0.19843927187264823
recomputed_masks,MI,integrated_gradients,30,energy_matched,0.0391232299989498
recomputed_masks,CD,saliency,0,independent,0.04100556397475268
recomputed_masks,CD,saliency,0,energy_matched,0.04678857491514886
recomputed_masks,CD,saliency,1,independent,0.04118456394480674
recomputed_masks,CD,saliency,1,energy_matched,0.04636796137710631
recomputed_masks,CD,saliency,3,independent,0.04264259428030312
recomputed_masks,CD,saliency,3,energy_matched,0.03787470450355948
recomputed_masks,CD,saliency,10,independent,0.09362314451357139
recomputed_masks,CD,saliency,10,energy_matched,0.022531688388478438
recomputed_masks,CD,saliency,30,independent,0.2571034574039036
recomputed_masks,CD,saliency,30,energy_matched,0.02126831832877557
recomputed_masks,CD,input_gradient,0,independent,0.053386021299137984
recomputed_masks,CD,input_gradient,0,energy_matched,0.061477922664016714
recomputed_masks,CD,input_gradient,1,independent,0.05196643857812424
recomputed_masks,CD,input_gradient,1,energy_matched,0.06054247486493914
recomputed_masks,CD,input_gradient,3,independent,0.045649850925208665
recomputed_masks,CD,input_gradient,3,energy_matched,0.04355639185004399
recomputed_masks,CD,input_gradient,10,independent,0.06068109248794473
recomputed_masks,CD,input_gradient,10,energy_matched,0.026256630874479405
recomputed_masks,CD,input_gradient,30,independent,0.1544309920633903
recomputed_masks,CD,input_gradient,30,energy_matched,0.02504479983263182
recomputed_masks,CD,integrated_gradients,0,independent,0.04888020033316607
recomputed_masks,CD,integrated_gradients,0,energy_matched,0.057808342254126725
recomputed_masks,CD,integrated_gradients,1,independent,0.04777238042243231
recomputed_masks,CD,integrated_gradients,1,energy_matched,0.054499179311047356
recomputed_masks,CD,integrated_gradients,3,independent,0.04596494445003941
recomputed_masks,CD,integrated_gradients,3,energy_matched,0.04098847937288727
recomputed_masks,CD,integrated_gradients,10,independent,0.05969833712385773
recomputed_masks,CD,integrated_gradients,10,energy_matched,0.02433926342984014
recomputed_masks,CD,integrated_gradients,30,independent,0.15658682225404336
recomputed_masks,CD,integrated_gradients,30,energy_matched,0.024638978582270446
