architecture,task,method,comparator,standard_relative_change_percent,projected_relative_change_percent,projected_loss_smaller
original_cnn,MI,saliency,uniform_random,-19.93245631456375,-11.27808168530464,True
original_cnn,MI,saliency,amplitude_matched_random,-37.05119788646698,-27.150830626487732,True
original_cnn,MI,input_gradient,uniform_random,-5.6325364857912,0.29762519989162,True
original_cnn,MI,input_gradient,amplitude_matched_random,-26.85239613056183,-20.90677767992019,True
original_cnn,MI,integrated_gradients,uniform_random,-9.62064638733863,-0.44440901838242997,True
original_cnn,MI,integrated_gradients,amplitude_matched_random,-31.08107447624206,-23.37094992399215,True
original_cnn,CD,saliency,uniform_random,-19.27138566970825,-14.42085057497024,True
original_cnn,CD,saliency,amplitude_matched_random,-33.03010165691376,-30.418086051940918,True
original_cnn,CD,input_gradient,uniform_random,-10.24530753493309,0.05350520368665,True
original_cnn,CD,input_gradient,amplitude_matched_random,-30.988726019859307,-17.01782345771789,True
original_cnn,CD,integrated_gradients,uniform_random,-12.19500452280044,-2.98440344631671,True
original_cnn,CD,integrated_gradients,amplitude_matched_random,-32.4094146490097,-14.8168534040451,True
residual_cnn,MI,saliency,uniform_random,-16.49311184883117,-9.356248378753659,True
residual_cnn,MI,saliency,amplitude_matched_random,-33.90907645225525,-26.74709260463714,True
residual_cnn,MI,input_gradient,uniform_random,-8.45405161380767,0.15160794137045,True
residual_cnn,MI,input_gradient,amplitude_matched_random,-31.848815083503716,-16.25352203845977,True
residual_cnn,MI,integrated_gradients,uniform_random,-8.137603104114529,0.38018317427486,True
residual_cnn,MI,integrated_gradients,amplitude_matched_random,-24.55820441246032,-15.74932634830474,True
residual_cnn,CD,saliency,uniform_random,-21.802060306072228,-15.23972898721695,True
residual_cnn,CD,saliency,amplitude_matched_random,-41.42744243144989,-40.09490311145782,True
residual_cnn,CD,input_gradient,uniform_random,-14.74252343177795,-10.46504080295562,True
residual_cnn,CD,input_gradient,amplitude_matched_random,-37.05267012119293,-37.453344464302056,False
residual_cnn,CD,integrated_gradients,uniform_random,-14.5926222205162,-6.6856957972049695,True
residual_cnn,CD,integrated_gradients,amplitude_matched_random,-36.14018261432647,-28.72479259967804,True
