seed,epoch,loss,MI_val_auroc,CD_val_auroc
17,1,0.9091304674148559,0.8827868488774514,0.824995275888133
17,2,0.7101795163154602,0.8927588960866093,0.8571664777021919
17,3,0.6344845681190491,0.8965524891294703,0.8654572940287226
17,4,0.5799960594177246,0.8955763599254591,0.8764408541194255
17,5,0.5393332672119141,0.9087097346703346,0.879558767951625
17,6,0.49374649310112,0.8991481054219541,0.8774092970521542
17,7,0.4571024832725525,0.9056038690212086,0.8754960317460316
17,8,0.41085027551651,0.8661593752773095,0.8934712773998489
17,9,0.3997075333595276,0.9067796610169492,0.9005574452003023
17,10,0.3519001226425171,0.8940456118555329,0.8905895691609977
17,11,0.35270574712753294,0.9158310409086876,0.8916524943310657
17,12,0.3165694334506989,0.9007897772650635,0.8893140589569161
17,13,0.2932627363204956,0.9022761558257166,0.8984315948601663
17,14,0.256824672460556,0.901100363829976,0.8984079743008314
17,15,0.21443927109241487,0.8955541751708226,0.903061224489796
17,16,0.20302214682102204,0.9057591623036649,0.8931642101284959
17,17,0.192238654255867,0.9045168160440146,0.8936602418745276
17,18,0.18981550312042236,0.9069349542994054,0.8980064247921391
17,19,0.17697023487091065,0.911615937527731,0.8955498866213151
17,20,0.15070007133483887,0.9035406868400035,0.906108276643991
29,1,0.9113763084411621,0.8544901943384506,0.8365929705215419
29,2,0.7505768194198609,0.87847191410063,0.8436555177626607
29,3,0.6449700064659118,0.8876785872748247,0.8616543839758125
29,4,0.5949508910179138,0.8969961842222025,0.8732048374905517
29,5,0.53659938621521,0.8964859348655604,0.9010298563869992
29,6,0.5100222973823547,0.8981941609725796,0.8873535525321239
29,7,0.4470346450805664,0.8976395421066643,0.9014550264550265
29,8,0.43381366205215455,0.8833969296299583,0.8964238473167043
29,9,0.40869145822525027,0.8902298340580354,0.9075018896447469
29,10,0.35955992436408996,0.9052489129470228,0.9042186318972034
29,11,0.3271388080120087,0.8944227526843553,0.9000377928949357
29,12,0.2971593406200409,0.9067131067530394,0.9040532879818594
29,13,0.28930236876010895,0.9052267281923863,0.9160289115646258
29,14,0.25214961552619936,0.9042505989883752,0.9120370370370371
29,15,0.23091730666160584,0.9031857307658178,0.89786470143613
29,16,0.22405622899532318,0.8998802023249622,0.9004865835222978
29,17,0.21027787536382675,0.9076892359570503,0.8989748677248678
29,18,0.18963952565193176,0.9033853935575472,0.9051634542705971
29,19,0.2083280282020569,0.9035628715946402,0.9001322751322751
29,20,0.16216144013404846,0.9076448664477771,0.9053760393046106
43,1,0.8919490427970886,0.8686662525512467,0.8310185185185185
43,2,0.7227985973358154,0.864118377850741,0.8553004535147393
43,3,0.662100534915924,0.8780060342532612,0.8668509070294784
43,4,0.5839954643249512,0.8645842576981098,0.8828184051398337
43,5,0.5283929758071899,0.8837962552134173,0.872401738473167
43,6,0.49090914249420164,0.8943118289111723,0.8845899470899471
43,7,0.4483355872631073,0.8925370485402431,0.8865268329554044
43,8,0.42753303241729734,0.8870130446357263,0.8839285714285715
43,9,0.39705160784721377,0.9065356287159464,0.8915343915343915
43,10,0.35291318798065185,0.9059810098500312,0.8941326530612245
43,11,0.33351253271102904,0.8879891738397373,0.8913926681783824
43,12,0.32290502786636355,0.8765862099565179,0.8993055555555555
43,13,0.28815778565406797,0.888810009761292,0.8981953892668179
43,14,0.2751049771308899,0.8898526932292129,0.8969671201814059
43,15,0.2476962344646454,0.907933268258053,0.9094623960695389
43,16,0.23256400668621063,0.8899414322477592,0.892691798941799
43,17,0.20174096369743347,0.8884328689324696,0.8937074829931974
43,18,0.18383031523227691,0.907423018901411,0.8938728269085413
43,19,0.17585934907197953,0.9109503948886325,0.8987622826908541
43,20,0.17308158063888548,0.8997692785517792,0.8945105820105821
