architecture,task,method,kind,operator,response,ci95_low,ci95_high
original_cnn,MI,saliency,guided,independent,0.05926624312996864,0.05525355581194162,0.06317799724638462
original_cnn,MI,saliency,guided,energy_matched,0.0638732835650444,0.05971878943964839,0.06805888973176479
original_cnn,MI,saliency,guided,projected_unscaled,0.05522366985678673,0.05139622129499912,0.05903694787994027
original_cnn,MI,saliency,uniform_random,independent,0.024759547784924507,0.022690951684489848,0.02699652062729001
original_cnn,MI,saliency,uniform_random,energy_matched,0.03624461963772774,0.03326738905161619,0.03938465267419815
original_cnn,MI,saliency,uniform_random,projected_unscaled,0.022368326783180237,0.0203831909224391,0.02442360008135438
original_cnn,MI,saliency,amplitude_matched_random,independent,0.03140842914581299,0.028906155889853836,0.03400785019621253
original_cnn,MI,saliency,amplitude_matched_random,energy_matched,0.04633712023496628,0.04287490155547857,0.04992997730150819
original_cnn,MI,saliency,amplitude_matched_random,projected_unscaled,0.028260555118322372,0.026049803430214524,0.030561761138960718
original_cnn,MI,input_gradient,guided,independent,0.07262285053730011,0.06806535050272941,0.0772284422069788
original_cnn,MI,input_gradient,guided,energy_matched,0.08141200244426727,0.07637185081839562,0.08638423085212707
original_cnn,MI,input_gradient,guided,projected_unscaled,0.06848081946372986,0.06406714618206025,0.07296011205762624
original_cnn,MI,input_gradient,uniform_random,independent,0.024759547784924507,0.022690951684489848,0.02699652062729001
original_cnn,MI,input_gradient,uniform_random,energy_matched,0.03624461963772774,0.03326738905161619,0.03938465267419815
original_cnn,MI,input_gradient,uniform_random,projected_unscaled,0.022368326783180237,0.0203831909224391,0.02442360008135438
original_cnn,MI,input_gradient,amplitude_matched_random,independent,0.04257214814424515,0.03950381437316537,0.04590706853196025
original_cnn,MI,input_gradient,amplitude_matched_random,energy_matched,0.05943063274025917,0.05520729664713144,0.06368465423583984
original_cnn,MI,input_gradient,amplitude_matched_random,projected_unscaled,0.039725545793771744,0.03672577235847711,0.0428802466019988
original_cnn,MI,integrated_gradients,guided,independent,0.0695977509021759,0.06506344024091959,0.0742729727178812
original_cnn,MI,integrated_gradients,guided,energy_matched,0.07676909118890762,0.07179987020790576,0.08165069296956062
original_cnn,MI,integrated_gradients,guided,projected_unscaled,0.06472998112440109,0.06035002190619707,0.06913207769393921
original_cnn,MI,integrated_gradients,uniform_random,independent,0.024759547784924507,0.022690951684489848,0.02699652062729001
original_cnn,MI,integrated_gradients,uniform_random,energy_matched,0.03624461963772774,0.03326738905161619,0.03938465267419815
original_cnn,MI,integrated_gradients,uniform_random,projected_unscaled,0.022368326783180237,0.0203831909224391,0.02442360008135438
original_cnn,MI,integrated_gradients,amplitude_matched_random,independent,0.042725276201963425,0.03964268192648888,0.04607611168175936
original_cnn,MI,integrated_gradients,amplitude_matched_random,energy_matched,0.05824887007474899,0.05422429982572794,0.062487957905977956
original_cnn,MI,integrated_gradients,amplitude_matched_random,projected_unscaled,0.039312973618507385,0.03639097921550274,0.0424250204116106
original_cnn,MI,smoothgrad,guided,independent,0.06243646889925003,0.05828097779303789,0.06659230086952447
original_cnn,MI,smoothgrad,guided,energy_matched,0.06664561480283737,0.0622947190888226,0.0710321331396699
original_cnn,MI,smoothgrad,guided,projected_unscaled,0.05816614627838135,0.0541802741587162,0.0620887666940689
original_cnn,MI,smoothgrad,uniform_random,independent,0.024759547784924507,0.022690951684489848,0.02699652062729001
original_cnn,MI,smoothgrad,uniform_random,energy_matched,0.03624461963772774,0.03326738905161619,0.03938465267419815
original_cnn,MI,smoothgrad,uniform_random,projected_unscaled,0.022368326783180237,0.0203831909224391,0.02442360008135438
original_cnn,MI,smoothgrad,amplitude_matched_random,independent,0.032426271587610245,0.030040109856054188,0.03492820523679256
original_cnn,MI,smoothgrad,amplitude_matched_random,energy_matched,0.04603419080376625,0.04271218879148364,0.049499159585684536
original_cnn,MI,smoothgrad,amplitude_matched_random,projected_unscaled,0.028744053095579147,0.02650639438070357,0.03103594994172454
original_cnn,MI,tangent_saliency,guided,independent,0.05784867703914642,0.05386780826374889,0.06173763759434223
original_cnn,MI,tangent_saliency,guided,energy_matched,0.06560193002223969,0.06122161336243152,0.06981016639620065
original_cnn,MI,tangent_saliency,guided,projected_unscaled,0.054735928773880005,0.05093683460727334,0.05843101944774389
original_cnn,MI,tangent_saliency,uniform_random,independent,0.024759547784924507,0.022690951684489848,0.02699652062729001
original_cnn,MI,tangent_saliency,uniform_random,energy_matched,0.03624461963772774,0.03326738905161619,0.03938465267419815
original_cnn,MI,tangent_saliency,uniform_random,projected_unscaled,0.022368326783180237,0.0203831909224391,0.02442360008135438
original_cnn,MI,tangent_saliency,amplitude_matched_random,independent,0.030388381332159042,0.027954887319356202,0.03292857306078076
original_cnn,MI,tangent_saliency,amplitude_matched_random,energy_matched,0.04559733346104622,0.04211378023028374,0.049226438812911506
original_cnn,MI,tangent_saliency,amplitude_matched_random,projected_unscaled,0.028309104964137077,0.0260324090719223,0.030652436288073657
original_cnn,MI,tangent_input_gradient,guided,independent,0.07171282917261124,0.0670885119587183,0.0762217054143548
original_cnn,MI,tangent_input_gradient,guided,energy_matched,0.08333764225244522,0.07799779400229453,0.08844243064522743
original_cnn,MI,tangent_input_gradient,guided,projected_unscaled,0.06961563974618912,0.06491037253290415,0.07424313854426146
original_cnn,MI,tangent_input_gradient,uniform_random,independent,0.024759547784924507,0.022690951684489848,0.02699652062729001
original_cnn,MI,tangent_input_gradient,uniform_random,energy_matched,0.03624461963772774,0.03326738905161619,0.03938465267419815
original_cnn,MI,tangent_input_gradient,uniform_random,projected_unscaled,0.022368326783180237,0.0203831909224391,0.02442360008135438
original_cnn,MI,tangent_input_gradient,amplitude_matched_random,independent,0.04261256009340286,0.03939674058929086,0.04578209305182099
original_cnn,MI,tangent_input_gradient,amplitude_matched_random,energy_matched,0.06032130494713783,0.05631128279492259,0.06445420756936072
original_cnn,MI,tangent_input_gradient,amplitude_matched_random,projected_unscaled,0.04010295122861862,0.03704767562448978,0.04315764801576733
original_cnn,MI,tangent_integrated_gradients,guided,independent,0.06995946168899536,0.06536472272127866,0.07454599887132644
original_cnn,MI,tangent_integrated_gradients,guided,energy_matched,0.08124365657567978,0.076117604970932,0.08644039537757635
original_cnn,MI,tangent_integrated_gradients,guided,projected_unscaled,0.06698382645845413,0.06251842807978392,0.07154473960399628
original_cnn,MI,tangent_integrated_gradients,uniform_random,independent,0.024759547784924507,0.022690951684489848,0.02699652062729001
original_cnn,MI,tangent_integrated_gradients,uniform_random,energy_matched,0.03624461963772774,0.03326738905161619,0.03938465267419815
original_cnn,MI,tangent_integrated_gradients,uniform_random,projected_unscaled,0.022368326783180237,0.0203831909224391,0.02442360008135438
original_cnn,MI,tangent_integrated_gradients,amplitude_matched_random,independent,0.04379819333553314,0.04065096154808998,0.04714887961745262
original_cnn,MI,tangent_integrated_gradients,amplitude_matched_random,energy_matched,0.06119653210043907,0.05701448759064078,0.06551234647631644
original_cnn,MI,tangent_integrated_gradients,amplitude_matched_random,projected_unscaled,0.04080957546830177,0.03781766267493367,0.043991268053650855
original_cnn,CD,saliency,guided,independent,0.04997137933969498,0.046862955763936044,0.05327095678076148
original_cnn,CD,saliency,guided,energy_matched,0.05326599255204201,0.0499355529434979,0.05674396939575672
original_cnn,CD,saliency,guided,projected_unscaled,0.04710393399000168,0.04413775140419603,0.05024007381871343
original_cnn,CD,saliency,uniform_random,independent,0.020073916763067245,0.018396695097908377,0.021799285616725683
original_cnn,CD,saliency,uniform_random,energy_matched,0.029130185022950172,0.02675266512669623,0.03157702293246984
original_cnn,CD,saliency,uniform_random,projected_unscaled,0.0184728242456913,0.01690369830466807,0.0200383844319731
original_cnn,CD,saliency,amplitude_matched_random,independent,0.02646813355386257,0.02447057468816638,0.028592011705040932
original_cnn,CD,saliency,amplitude_matched_random,energy_matched,0.03752589598298073,0.034677281882613896,0.040441393293440334
original_cnn,CD,saliency,amplitude_matched_random,projected_unscaled,0.023999523371458054,0.022131075616925955,0.025960283493623136
original_cnn,CD,input_gradient,guided,independent,0.057716887444257736,0.05377739164978266,0.0617886763997376
original_cnn,CD,input_gradient,guided,energy_matched,0.06291651725769043,0.05873405737802386,0.06721522063016891
original_cnn,CD,input_gradient,guided,projected_unscaled,0.055201396346092224,0.05136037971824407,0.05912647601217031
original_cnn,CD,input_gradient,uniform_random,independent,0.020073916763067245,0.018396695097908377,0.021799285616725683
original_cnn,CD,input_gradient,uniform_random,energy_matched,0.029130185022950172,0.02675266512669623,0.03157702293246984
original_cnn,CD,input_gradient,uniform_random,projected_unscaled,0.0184728242456913,0.01690369830466807,0.0200383844319731
original_cnn,CD,input_gradient,amplitude_matched_random,independent,0.03440399095416069,0.031660369131714106,0.03710902407765389
original_cnn,CD,input_gradient,amplitude_matched_random,energy_matched,0.04682798683643341,0.04335801126435399,0.05039795730262994
original_cnn,CD,input_gradient,amplitude_matched_random,projected_unscaled,0.03204214572906494,0.029485142324119806,0.034653540793806316
original_cnn,CD,integrated_gradients,guided,independent,0.055953387171030045,0.05206941580399871,0.059867283701896666
original_cnn,CD,integrated_gradients,guided,energy_matched,0.060634154826402664,0.056675820518285035,0.06471893507987261
original_cnn,CD,integrated_gradients,guided,projected_unscaled,0.05284614488482475,0.049165742192417386,0.05659587439149618
original_cnn,CD,integrated_gradients,uniform_random,independent,0.020073916763067245,0.018396695097908377,0.021799285616725683
original_cnn,CD,integrated_gradients,uniform_random,energy_matched,0.029130185022950172,0.02675266512669623,0.03157702293246984
original_cnn,CD,integrated_gradients,uniform_random,projected_unscaled,0.0184728242456913,0.01690369830466807,0.0200383844319731
original_cnn,CD,integrated_gradients,amplitude_matched_random,independent,0.037016820162534714,0.033939815033227204,0.040183169580996034
original_cnn,CD,integrated_gradients,amplitude_matched_random,energy_matched,0.047834813594818115,0.04407022967934608,0.051731921266764395
original_cnn,CD,integrated_gradients,amplitude_matched_random,projected_unscaled,0.03335141763091087,0.03049650671891868,0.036278619710355994
original_cnn,CD,smoothgrad,guided,independent,0.05223608389496803,0.04903369108214974,0.055534085351973766
original_cnn,CD,smoothgrad,guided,energy_matched,0.05475037172436714,0.051421392057090995,0.05825489703565836
original_cnn,CD,smoothgrad,guided,projected_unscaled,0.048921093344688416,0.045849768072366716,0.052121163625270125
original_cnn,CD,smoothgrad,uniform_random,independent,0.020073916763067245,0.018396695097908377,0.021799285616725683
original_cnn,CD,smoothgrad,uniform_random,energy_matched,0.029130185022950172,0.02675266512669623,0.03157702293246984
original_cnn,CD,smoothgrad,uniform_random,projected_unscaled,0.0184728242456913,0.01690369830466807,0.0200383844319731
original_cnn,CD,smoothgrad,amplitude_matched_random,independent,0.02716302126646042,0.025090103317052127,0.029228554666042326
original_cnn,CD,smoothgrad,amplitude_matched_random,energy_matched,0.03771109879016876,0.03487072410061955,0.040514495130628346
original_cnn,CD,smoothgrad,amplitude_matched_random,projected_unscaled,0.02414843998849392,0.022190377907827498,0.026138110738247632
original_cnn,CD,tangent_saliency,guided,independent,0.05024123936891556,0.0469118831679225,0.05382110318168998
original_cnn,CD,tangent_saliency,guided,energy_matched,0.05494711920619011,0.05137206390500069,0.05882532633841037
original_cnn,CD,tangent_saliency,guided,projected_unscaled,0.04872696474194527,0.045469000935554504,0.052272570505738254
original_cnn,CD,tangent_saliency,uniform_random,independent,0.020073916763067245,0.018396695097908377,0.021799285616725683
original_cnn,CD,tangent_saliency,uniform_random,energy_matched,0.029130185022950172,0.02675266512669623,0.03157702293246984
original_cnn,CD,tangent_saliency,uniform_random,projected_unscaled,0.0184728242456913,0.01690369830466807,0.0200383844319731
original_cnn,CD,tangent_saliency,amplitude_matched_random,independent,0.026991602033376694,0.0250391929410398,0.028975751111283896
original_cnn,CD,tangent_saliency,amplitude_matched_random,energy_matched,0.03876958042383194,0.03598084943369031,0.041699678637087345
original_cnn,CD,tangent_saliency,amplitude_matched_random,projected_unscaled,0.025447672232985497,0.023393528070300817,0.027569115394726396
original_cnn,CD,tangent_input_gradient,guided,independent,0.05750483274459839,0.05345198260620236,0.06172131486237049
original_cnn,CD,tangent_input_gradient,guided,energy_matched,0.066581130027771,0.062007307074964046,0.07145876940339803
original_cnn,CD,tangent_input_gradient,guided,projected_unscaled,0.058418042957782745,0.05423080371692777,0.06281261313706636
original_cnn,CD,tangent_input_gradient,uniform_random,independent,0.020073916763067245,0.018396695097908377,0.021799285616725683
original_cnn,CD,tangent_input_gradient,uniform_random,energy_matched,0.029130185022950172,0.02675266512669623,0.03157702293246984
original_cnn,CD,tangent_input_gradient,uniform_random,projected_unscaled,0.0184728242456913,0.01690369830466807,0.0200383844319731
original_cnn,CD,tangent_input_gradient,amplitude_matched_random,independent,0.03545880690217018,0.03242477774620056,0.038557422999292615
original_cnn,CD,tangent_input_gradient,amplitude_matched_random,energy_matched,0.04828685522079468,0.04452608395367861,0.05229114247485995
original_cnn,CD,tangent_input_gradient,amplitude_matched_random,projected_unscaled,0.03347614407539368,0.030653654830530286,0.03641012534499168
original_cnn,CD,tangent_integrated_gradients,guided,independent,0.05622158944606781,0.05197426863014698,0.06043350342661142
original_cnn,CD,tangent_integrated_gradients,guided,energy_matched,0.0641990527510643,0.05977017488330603,0.06872569937258959
original_cnn,CD,tangent_integrated_gradients,guided,projected_unscaled,0.05548589304089546,0.05144322104752064,0.05965260006487369
original_cnn,CD,tangent_integrated_gradients,uniform_random,independent,0.020073916763067245,0.018396695097908377,0.021799285616725683
original_cnn,CD,tangent_integrated_gradients,uniform_random,energy_matched,0.029130185022950172,0.02675266512669623,0.03157702293246984
original_cnn,CD,tangent_integrated_gradients,uniform_random,projected_unscaled,0.0184728242456913,0.01690369830466807,0.0200383844319731
original_cnn,CD,tangent_integrated_gradients,amplitude_matched_random,independent,0.03447824344038963,0.03158610686659813,0.037378760520368814
original_cnn,CD,tangent_integrated_gradients,amplitude_matched_random,energy_matched,0.04567739740014076,0.04221459375694394,0.049349721148610116
original_cnn,CD,tangent_integrated_gradients,amplitude_matched_random,projected_unscaled,0.03206798434257507,0.029372552456334234,0.03489644937217236
residual_cnn,MI,saliency,guided,independent,0.07182992994785309,0.0671644052490592,0.07670769486576319
residual_cnn,MI,saliency,guided,energy_matched,0.07906778156757355,0.07407630197703838,0.08421570174396038
residual_cnn,MI,saliency,guided,projected_unscaled,0.07106801867485046,0.06638290286064148,0.07587227188050746
residual_cnn,MI,saliency,uniform_random,independent,0.028106041252613068,0.02601580899208784,0.030314044561237097
residual_cnn,MI,saliency,uniform_random,energy_matched,0.042555324733257294,0.03928990811109543,0.04586241990327834
residual_cnn,MI,saliency,uniform_random,projected_unscaled,0.02524394728243351,0.023354098573327063,0.027185699995607136
residual_cnn,MI,saliency,amplitude_matched_random,independent,0.04068621248006821,0.03770070215687156,0.04380423445254564
residual_cnn,MI,saliency,amplitude_matched_random,energy_matched,0.05848460644483566,0.05450637321919203,0.06259173974394798
residual_cnn,MI,saliency,amplitude_matched_random,projected_unscaled,0.037444982677698135,0.03468346046283841,0.040280856564641
residual_cnn,MI,input_gradient,guided,independent,0.08806116878986359,0.08257284983992577,0.09383258037269115
residual_cnn,MI,input_gradient,guided,energy_matched,0.09744180738925934,0.09156542960554362,0.10353586431592703
residual_cnn,MI,input_gradient,guided,projected_unscaled,0.08472398668527603,0.07938773315399886,0.09030676037073133
residual_cnn,MI,input_gradient,uniform_random,independent,0.028106041252613068,0.02601580899208784,0.030314044561237097
residual_cnn,MI,input_gradient,uniform_random,energy_matched,0.042555324733257294,0.03928990811109543,0.04586241990327834
residual_cnn,MI,input_gradient,uniform_random,projected_unscaled,0.02524394728243351,0.023354098573327063,0.027185699995607136
residual_cnn,MI,input_gradient,amplitude_matched_random,independent,0.05309644341468811,0.049421022087335585,0.05692038582637906
residual_cnn,MI,input_gradient,amplitude_matched_random,energy_matched,0.07361293584108353,0.06864672433584929,0.07872981522232295
residual_cnn,MI,input_gradient,amplitude_matched_random,projected_unscaled,0.048579148948192596,0.045217254757881166,0.052161161322146654
residual_cnn,MI,integrated_gradients,guided,independent,0.09065137803554535,0.08514842092990875,0.09653120264410972
residual_cnn,MI,integrated_gradients,guided,energy_matched,0.1000109612941742,0.09408862423151731,0.10616839807480574
residual_cnn,MI,integrated_gradients,guided,projected_unscaled,0.08604742586612701,0.08068097308278084,0.09175891429185867
residual_cnn,MI,integrated_gradients,uniform_random,independent,0.028106041252613068,0.02601580899208784,0.030314044561237097
residual_cnn,MI,integrated_gradients,uniform_random,energy_matched,0.042555324733257294,0.03928990811109543,0.04586241990327834
residual_cnn,MI,integrated_gradients,uniform_random,projected_unscaled,0.02524394728243351,0.023354098573327063,0.027185699995607136
residual_cnn,MI,integrated_gradients,amplitude_matched_random,independent,0.05342785641551018,0.04978036526590586,0.05720980642363429
residual_cnn,MI,integrated_gradients,amplitude_matched_random,energy_matched,0.07192888110876083,0.06707999221980572,0.07698497790843248
residual_cnn,MI,integrated_gradients,amplitude_matched_random,projected_unscaled,0.04805145040154457,0.044512517657130955,0.05172047344967723
residual_cnn,MI,smoothgrad,guided,independent,0.07481779158115387,0.0699422225356102,0.07979460638016461
residual_cnn,MI,smoothgrad,guided,energy_matched,0.08233708143234253,0.07709075082093478,0.08770047444850206
residual_cnn,MI,smoothgrad,guided,projected_unscaled,0.07403506338596344,0.06922211982309819,0.07903423178941012
residual_cnn,MI,smoothgrad,uniform_random,independent,0.028106041252613068,0.02601580899208784,0.030314044561237097
residual_cnn,MI,smoothgrad,uniform_random,energy_matched,0.042555324733257294,0.03928990811109543,0.04586241990327834
residual_cnn,MI,smoothgrad,uniform_random,projected_unscaled,0.02524394728243351,0.023354098573327063,0.027185699995607136
residual_cnn,MI,smoothgrad,amplitude_matched_random,independent,0.04103804752230644,0.038131003733724356,0.04405591562390327
residual_cnn,MI,smoothgrad,amplitude_matched_random,energy_matched,0.06059837341308594,0.05632195137441158,0.06518760323524475
residual_cnn,MI,smoothgrad,amplitude_matched_random,projected_unscaled,0.03855853155255318,0.03568600909784436,0.041536981239914894
residual_cnn,MI,tangent_saliency,guided,independent,0.07410623878240585,0.0693280255421996,0.07903436589986086
residual_cnn,MI,tangent_saliency,guided,energy_matched,0.08425162732601166,0.07896082773804665,0.08975655175745487
residual_cnn,MI,tangent_saliency,guided,projected_unscaled,0.07424995303153992,0.06940237078815699,0.07926365807652473
residual_cnn,MI,tangent_saliency,uniform_random,independent,0.028106041252613068,0.02601580899208784,0.030314044561237097
residual_cnn,MI,tangent_saliency,uniform_random,energy_matched,0.042555324733257294,0.03928990811109543,0.04586241990327834
residual_cnn,MI,tangent_saliency,uniform_random,projected_unscaled,0.02524394728243351,0.023354098573327063,0.027185699995607136
residual_cnn,MI,tangent_saliency,amplitude_matched_random,independent,0.04189140722155571,0.03904510522261262,0.044969852361828086
residual_cnn,MI,tangent_saliency,amplitude_matched_random,energy_matched,0.06065332517027855,0.05652524083852768,0.06484640408307314
residual_cnn,MI,tangent_saliency,amplitude_matched_random,projected_unscaled,0.03867989405989647,0.03586501022800803,0.04155358178541064
residual_cnn,MI,tangent_input_gradient,guided,independent,0.08982514590024948,0.08423626627773047,0.09578954335302114
residual_cnn,MI,tangent_input_gradient,guided,energy_matched,0.10436800122261047,0.09796697832643986,0.11098989583551884
residual_cnn,MI,tangent_input_gradient,guided,projected_unscaled,0.08917523175477982,0.08345157876610756,0.09501950684934854
residual_cnn,MI,tangent_input_gradient,uniform_random,independent,0.028106041252613068,0.02601580899208784,0.030314044561237097
residual_cnn,MI,tangent_input_gradient,uniform_random,energy_matched,0.042555324733257294,0.03928990811109543,0.04586241990327834
residual_cnn,MI,tangent_input_gradient,uniform_random,projected_unscaled,0.02524394728243351,0.023354098573327063,0.027185699995607136
residual_cnn,MI,tangent_input_gradient,amplitude_matched_random,independent,0.05269911140203476,0.04901986606419086,0.056644084863364697
residual_cnn,MI,tangent_input_gradient,amplitude_matched_random,energy_matched,0.07327625155448914,0.06834366358816624,0.07824033014476299
residual_cnn,MI,tangent_input_gradient,amplitude_matched_random,projected_unscaled,0.04853782802820206,0.045060157962143424,0.05213215509429574
residual_cnn,MI,tangent_integrated_gradients,guided,independent,0.09186992049217224,0.08623652756214142,0.09777965899556874
residual_cnn,MI,tangent_integrated_gradients,guided,energy_matched,0.10656161606311798,0.10023233443498611,0.11325461324304341
residual_cnn,MI,tangent_integrated_gradients,guided,projected_unscaled,0.09077973663806915,0.08514338973909616,0.09671641327440739
residual_cnn,MI,tangent_integrated_gradients,uniform_random,independent,0.028106041252613068,0.02601580899208784,0.030314044561237097
residual_cnn,MI,tangent_integrated_gradients,uniform_random,energy_matched,0.042555324733257294,0.03928990811109543,0.04586241990327834
residual_cnn,MI,tangent_integrated_gradients,uniform_random,projected_unscaled,0.02524394728243351,0.023354098573327063,0.027185699995607136
residual_cnn,MI,tangent_integrated_gradients,amplitude_matched_random,independent,0.0530935600399971,0.04949330603703857,0.0569740972481668
residual_cnn,MI,tangent_integrated_gradients,amplitude_matched_random,energy_matched,0.0738922730088234,0.06897201277315616,0.07910907566547394
residual_cnn,MI,tangent_integrated_gradients,amplitude_matched_random,projected_unscaled,0.04902993142604828,0.04555791532620788,0.05279726702719926
residual_cnn,CD,saliency,guided,independent,0.0471712127327919,0.04356491724029184,0.050778778642416
residual_cnn,CD,saliency,guided,energy_matched,0.04889315739274025,0.04514618590474129,0.052630491182208056
residual_cnn,CD,saliency,guided,projected_unscaled,0.04532242566347122,0.04181288061663509,0.04888857072219253
residual_cnn,CD,saliency,uniform_random,independent,0.020905140787363052,0.019071096228435634,0.02280140998773277
residual_cnn,CD,saliency,uniform_random,energy_matched,0.028353631496429443,0.025837089447304607,0.03095467137172818
residual_cnn,CD,saliency,uniform_random,projected_unscaled,0.0187386404722929,0.01707100458443165,0.020473218895494937
residual_cnn,CD,saliency,amplitude_matched_random,independent,0.02792401798069477,0.02565859742462635,0.03038620539009571
residual_cnn,CD,saliency,amplitude_matched_random,energy_matched,0.03761958330869675,0.034607776068151,0.040814174618571994
residual_cnn,CD,saliency,amplitude_matched_random,projected_unscaled,0.025508614256978035,0.02335823681205511,0.02777186380699277
residual_cnn,CD,input_gradient,guided,independent,0.058279961347579956,0.053792480006814004,0.06286608930677175
residual_cnn,CD,input_gradient,guided,energy_matched,0.060218460857868195,0.055590918846428396,0.06503319516777992
residual_cnn,CD,input_gradient,guided,projected_unscaled,0.05443613603711128,0.05006873235106468,0.05893410379067063
residual_cnn,CD,input_gradient,uniform_random,independent,0.020905140787363052,0.019071096228435634,0.02280140998773277
residual_cnn,CD,input_gradient,uniform_random,energy_matched,0.028353631496429443,0.025837089447304607,0.03095467137172818
residual_cnn,CD,input_gradient,uniform_random,projected_unscaled,0.0187386404722929,0.01707100458443165,0.020473218895494937
residual_cnn,CD,input_gradient,amplitude_matched_random,independent,0.03714580088853836,0.03394289826974273,0.04055990977212787
residual_cnn,CD,input_gradient,amplitude_matched_random,energy_matched,0.046915069222450256,0.043018842954188584,0.05099191907793283
residual_cnn,CD,input_gradient,amplitude_matched_random,projected_unscaled,0.03435436263680458,0.031307423021644354,0.03757024798542261
residual_cnn,CD,integrated_gradients,guided,independent,0.05911261588335037,0.054621228203177455,0.06382262781262397
residual_cnn,CD,integrated_gradients,guided,energy_matched,0.060985635966062546,0.05629666429013014,0.06580501329153776
residual_cnn,CD,integrated_gradients,guided,projected_unscaled,0.05520165339112282,0.05081408927217126,0.059806683287024494
residual_cnn,CD,integrated_gradients,uniform_random,independent,0.020905140787363052,0.019071096228435634,0.02280140998773277
residual_cnn,CD,integrated_gradients,uniform_random,energy_matched,0.028353631496429443,0.025837089447304607,0.03095467137172818
residual_cnn,CD,integrated_gradients,uniform_random,projected_unscaled,0.0187386404722929,0.01707100458443165,0.020473218895494937
residual_cnn,CD,integrated_gradients,amplitude_matched_random,independent,0.03765862062573433,0.034465416241437195,0.041078611835837366
residual_cnn,CD,integrated_gradients,amplitude_matched_random,energy_matched,0.04728515446186066,0.04336219588294625,0.051492387522012
residual_cnn,CD,integrated_gradients,amplitude_matched_random,projected_unscaled,0.03481842204928398,0.031755959056317805,0.03813211228698492
residual_cnn,CD,smoothgrad,guided,independent,0.05003460869193077,0.046182855404913424,0.05386115629225969
residual_cnn,CD,smoothgrad,guided,energy_matched,0.05181817337870598,0.04779840875416994,0.0557652909308672
residual_cnn,CD,smoothgrad,guided,projected_unscaled,0.04830014333128929,0.044430272467434404,0.052104600705206394
residual_cnn,CD,smoothgrad,uniform_random,independent,0.020905140787363052,0.019071096228435634,0.02280140998773277
residual_cnn,CD,smoothgrad,uniform_random,energy_matched,0.028353631496429443,0.025837089447304607,0.03095467137172818
residual_cnn,CD,smoothgrad,uniform_random,projected_unscaled,0.0187386404722929,0.01707100458443165,0.020473218895494937
residual_cnn,CD,smoothgrad,amplitude_matched_random,independent,0.029719959944486618,0.02723427191376686,0.03222503336146474
residual_cnn,CD,smoothgrad,amplitude_matched_random,energy_matched,0.03935111314058304,0.03606780646368861,0.042642823141068216
residual_cnn,CD,smoothgrad,amplitude_matched_random,projected_unscaled,0.02701728418469429,0.024603363731876014,0.02940662964247167
residual_cnn,CD,tangent_saliency,guided,independent,0.047277435660362244,0.04354366799816489,0.05094247255474329
residual_cnn,CD,tangent_saliency,guided,energy_matched,0.05070686340332031,0.046707239281386134,0.054604260995984075
residual_cnn,CD,tangent_saliency,guided,projected_unscaled,0.04683460295200348,0.043038235325366256,0.05057243462651968
residual_cnn,CD,tangent_saliency,uniform_random,independent,0.020905140787363052,0.019071096228435634,0.02280140998773277
residual_cnn,CD,tangent_saliency,uniform_random,energy_matched,0.028353631496429443,0.025837089447304607,0.03095467137172818
residual_cnn,CD,tangent_saliency,uniform_random,projected_unscaled,0.0187386404722929,0.01707100458443165,0.020473218895494937
residual_cnn,CD,tangent_saliency,amplitude_matched_random,independent,0.028682891279459,0.026323693664744498,0.031056308653205633
residual_cnn,CD,tangent_saliency,amplitude_matched_random,energy_matched,0.03956778720021248,0.036363353952765465,0.042943604663014404
residual_cnn,CD,tangent_saliency,amplitude_matched_random,projected_unscaled,0.027385372668504715,0.025057939672842623,0.029805580014362933
residual_cnn,CD,tangent_input_gradient,guided,independent,0.05771848186850548,0.05314620872959495,0.062426503654569386
residual_cnn,CD,tangent_input_gradient,guided,energy_matched,0.06131444498896599,0.056472683884203435,0.06623953115195036
residual_cnn,CD,tangent_input_gradient,guided,projected_unscaled,0.05529407784342766,0.05081373797729612,0.059957125782966615
residual_cnn,CD,tangent_input_gradient,uniform_random,independent,0.020905140787363052,0.019071096228435634,0.02280140998773277
residual_cnn,CD,tangent_input_gradient,uniform_random,energy_matched,0.028353631496429443,0.025837089447304607,0.03095467137172818
residual_cnn,CD,tangent_input_gradient,uniform_random,projected_unscaled,0.0187386404722929,0.01707100458443165,0.020473218895494937
residual_cnn,CD,tangent_input_gradient,amplitude_matched_random,independent,0.03843095526099205,0.03533951183781028,0.04181871954351663
residual_cnn,CD,tangent_input_gradient,amplitude_matched_random,energy_matched,0.04925074055790901,0.04503844631835818,0.05362268593162298
residual_cnn,CD,tangent_input_gradient,amplitude_matched_random,projected_unscaled,0.03587070107460022,0.03270308608189225,0.039269143715500825
residual_cnn,CD,tangent_integrated_gradients,guided,independent,0.057124923914670944,0.05259764147922397,0.06172626931220292
residual_cnn,CD,tangent_integrated_gradients,guided,energy_matched,0.06215187907218933,0.057282403111457825,0.0670079844072461
residual_cnn,CD,tangent_integrated_gradients,guided,projected_unscaled,0.05632108449935913,0.05172125697135925,0.06099306279793381
residual_cnn,CD,tangent_integrated_gradients,uniform_random,independent,0.020905140787363052,0.019071096228435634,0.02280140998773277
residual_cnn,CD,tangent_integrated_gradients,uniform_random,energy_matched,0.028353631496429443,0.025837089447304607,0.03095467137172818
residual_cnn,CD,tangent_integrated_gradients,uniform_random,projected_unscaled,0.0187386404722929,0.01707100458443165,0.020473218895494937
residual_cnn,CD,tangent_integrated_gradients,amplitude_matched_random,independent,0.03842908889055252,0.03516981350257993,0.04196842731907963
residual_cnn,CD,tangent_integrated_gradients,amplitude_matched_random,energy_matched,0.04882637783885002,0.04476490970700979,0.0530898810364306
residual_cnn,CD,tangent_integrated_gradients,amplitude_matched_random,projected_unscaled,0.03561244159936905,0.032526613865047696,0.03896299675107002
