task,method,budget,advantage_independent_points,advantage_consistent_points,change_points,relative_change_percent
MI,saliency,0.05,2.39278879016638,2.1865632385015505,-0.20622555166482925,-8.61862745731476
MI,saliency,0.1,3.45066916197538,2.76286639273167,-0.6878027692437103,-19.932446054897035
MI,saliency,0.2,4.8349227756261905,3.5516686737537406,-1.2832541018724497,-26.541356737724737
MI,input_gradient,0.05,3.4448416903615,3.4412313252687494,-0.0036103650927502007,-0.10480496397996539
MI,input_gradient,0.1,4.786330275237559,4.51673828065395,-0.2695919945836095,-5.632540570348102
MI,input_gradient,0.2,7.240777090191849,6.69422373175621,-0.5465533584356391,-7.548269358767925
MI,integrated_gradients,0.05,3.1628416851162897,3.0928313732147306,-0.0700103119015593,-2.213525647869574
MI,integrated_gradients,0.1,4.483819566667081,4.0524471551179895,-0.43137241154909134,-9.62064608388646
MI,integrated_gradients,0.2,6.574381515383728,5.91988861560822,-0.6544928997755085,-9.95520108232276
CD,saliency,0.05,2.4285986088216296,2.14349906891585,-0.2850995399057796,-11.739261435388515
CD,saliency,0.1,2.98974625766277,2.4135803803801603,-0.5761658772826097,-19.271397223288997
CD,saliency,0.2,3.51617485284806,2.5902505964040796,-0.9259242564439801,-26.333282478656955
CD,input_gradient,0.05,3.08135217055679,2.94230300933123,-0.1390491612255601,-4.51260205030165
CD,input_gradient,0.1,3.7642970681190504,3.3786332234740297,-0.38566384464502057,-10.245308424548163
CD,input_gradient,0.2,4.77569997310639,4.29864339530468,-0.47705657780170996,-9.989249334928486
CD,integrated_gradients,0.05,2.79098441824317,2.65756379812956,-0.13342062011360983,-4.780414367114009
CD,integrated_gradients,0.1,3.58794704079628,3.1503969803452505,-0.43755006045102934,-12.19499773758988
CD,integrated_gradients,0.2,4.455429315567021,3.7401739507913603,-0.7152553647756604,-16.053567773516196
