task,method,stratum,budget,operator,dose_ratio_mean,dose_ratio_p95,collateral_fraction_mean,collateral_fraction_p95,selected_relative_error_mean,selected_relative_error_p95,off_subspace_rms_mv_mean,off_subspace_rms_mv_p95
MI,saliency,limb,0.05,independent_zero,1.0,1.0,0.0,0.0,0.0,0.0,0.01088285818696022,0.01949164643883705
MI,saliency,limb,0.05,target_matched,1.4250304698944092,1.8014765977859497,0.4392416179180145,0.6595349907875061,1.7099146987220593e-08,2.8694183029642772e-08,6.631079574326293e-10,1.1652646625393004e-09
MI,saliency,limb,0.05,energy_matched,1.0,1.0000001192092896,0.2665221095085144,0.4234025478363037,0.30892422795295715,0.44370102882385254,7.717460559497624e-10,1.3705174772837836e-09
MI,saliency,limb,0.1,independent_zero,1.0,1.0,0.0,0.0,0.0,0.0,0.01362738199532032,0.022728873416781425
MI,saliency,limb,0.1,target_matched,1.321469783782959,1.5903711318969727,0.3867994248867035,0.5756049156188965,2.2359143869721265e-08,3.120435110304243e-08,9.062577355223311e-10,1.5959373822482803e-09
MI,saliency,limb,0.1,energy_matched,1.0,1.0000001192092896,0.17162083089351654,0.2935492992401123,0.2992437779903412,0.39886564016342163,1.1374160502342079e-09,1.9214210222884276e-09
MI,saliency,limb,0.2,independent_zero,1.0,1.0,0.0,0.0,0.0,0.0,0.01689624786376953,0.028025973588228226
MI,saliency,limb,0.2,target_matched,1.229644536972046,1.3824383020401,0.318592369556427,0.46582791209220886,2.555023570494086e-08,3.254708502709036e-08,1.2249125047603115e-09,2.129739939960018e-09
MI,saliency,limb,0.2,energy_matched,1.0,1.0000001192092896,0.11143459379673004,0.1840173751115799,0.2705457806587219,0.34737345576286316,1.63742586156701e-09,2.7337181407460776e-09
MI,saliency,chest,0.05,independent_zero,1.0,1.0,0.0,0.0,0.0,0.0,0.0,0.0
MI,saliency,chest,0.05,target_matched,1.0,1.0,0.0,0.0,0.0,0.0,0.0,0.0
MI,saliency,chest,0.05,energy_matched,1.0,1.0,0.0,0.0,0.0,0.0,0.0,0.0
MI,saliency,chest,0.1,independent_zero,1.0,1.0,0.0,0.0,0.0,0.0,0.0,0.0
MI,saliency,chest,0.1,target_matched,1.0,1.0,0.0,0.0,0.0,0.0,0.0,0.0
MI,saliency,chest,0.1,energy_matched,1.0,1.0,0.0,0.0,0.0,0.0,0.0,0.0
MI,saliency,chest,0.2,independent_zero,1.0,1.0,0.0,0.0,0.0,0.0,0.0,0.0
MI,saliency,chest,0.2,target_matched,1.0,1.0,0.0,0.0,0.0,0.0,0.0,0.0
MI,saliency,chest,0.2,energy_matched,1.0,1.0,0.0,0.0,0.0,0.0,0.0,0.0
MI,saliency,all,0.05,independent_zero,1.0,1.0,0.0,0.0,0.0,0.0,0.011843347921967506,0.020869489759206772
MI,saliency,all,0.05,target_matched,1.1974000930786133,1.428141713142395,0.2632446885108948,0.4787801206111908,1.3059942460813545e-08,2.1232192892739477e-08,7.403038737585632e-10,1.2813391458976753e-09
MI,saliency,all,0.05,energy_matched,1.0,1.0000001192092896,0.08723898231983185,0.1846572309732437,0.23207946121692657,0.36076751351356506,8.315735877673092e-10,1.409218297609982e-09
MI,saliency,all,0.1,independent_zero,1.0,1.0,0.0,0.0,0.0,0.0,0.01438954472541809,0.023999562487006187
MI,saliency,all,0.1,target_matched,1.121662974357605,1.267695426940918,0.1874649077653885,0.3557874858379364,1.4542158588426446e-08,2.1764181568073582e-08,9.92405713162725e-10,1.6758943122141545e-09
MI,saliency,all,0.1,energy_matched,1.0,1.0000001192092896,0.04937126114964485,0.10974463075399399,0.188909649848938,0.28695622086524963,1.1941595490227996e-09,1.9545551843691555e-09
MI,saliency,all,0.2,independent_zero,1.0,1.0,0.0,0.0,0.0,0.0,0.017318598926067352,0.029301375150680542
MI,saliency,all,0.2,target_matched,1.0755794048309326,1.1578868627548218,0.1284690648317337,0.2474946528673172,1.4999940844973025e-08,2.1579657172310363e-08,1.3107989138561038e-09,2.232294127324508e-09
MI,saliency,all,0.2,energy_matched,1.0,1.0000001192092896,0.029712997376918793,0.06189892813563347,0.15342174470424652,0.22826585173606873,1.6789517554016697e-09,2.8340947366700675e-09
MI,input_gradient,limb,0.05,independent_zero,1.0,1.0,0.0,0.0,0.0,0.0,0.017942747101187706,0.033934250473976135
MI,input_gradient,limb,0.05,target_matched,1.3708511590957642,1.516750454902649,0.44723889231681824,0.558626115322113,1.2311401675901834e-08,2.342580529557381e-08,8.569939202729415e-10,1.6962770077455502e-09
MI,input_gradient,limb,0.05,energy_matched,1.0,1.0000001192092896,0.2940833270549774,0.4350602328777313,0.3146358132362366,0.3766094148159027,1.1887718587288987e-09,2.331696169477482e-09
MI,input_gradient,limb,0.1,independent_zero,1.0,1.0,0.0,0.0,0.0,0.0,0.02177773229777813,0.039995256811380386
MI,input_gradient,limb,0.1,target_matched,1.2943707704544067,1.4103108644485474,0.39079517126083374,0.49020498991012573,1.7950467778860002e-08,2.6892161386626867e-08,1.1530698618145152e-09,2.1640196301575543e-09
MI,input_gradient,limb,0.1,energy_matched,1.0,1.0000001192092896,0.20955492556095123,0.30179423093795776,0.3014814257621765,0.361733615398407,1.6649875922425394e-09,3.219078337224346e-09
MI,input_gradient,limb,0.2,independent_zero,1.0,1.0,0.0,0.0,0.0,0.0,0.02490503340959549,0.04516872391104698
MI,input_gradient,limb,0.2,target_matched,1.2159953117370605,1.2933095693588257,0.31609034538269043,0.39848995208740234,2.2175074221308932e-08,2.953819056017437e-08,1.5167603839572052e-09,2.7925219914237687e-09
MI,input_gradient,limb,0.2,energy_matched,1.0,1.0000001192092896,0.1428844928741455,0.19712117314338684,0.26705893874168396,0.3173796832561493,2.2453485737372603e-09,4.258132957346561e-09
MI,input_gradient,chest,0.05,independent_zero,1.0,1.0,0.0,0.0,0.0,0.0,0.0,0.0
MI,input_gradient,chest,0.05,target_matched,1.0,1.0,0.0,0.0,0.0,0.0,0.0,0.0
MI,input_gradient,chest,0.05,energy_matched,1.0,1.0,0.0,0.0,0.0,0.0,0.0,0.0
MI,input_gradient,chest,0.1,independent_zero,1.0,1.0,0.0,0.0,0.0,0.0,0.0,0.0
MI,input_gradient,chest,0.1,target_matched,1.0,1.0,0.0,0.0,0.0,0.0,0.0,0.0
MI,input_gradient,chest,0.1,energy_matched,1.0,1.0,0.0,0.0,0.0,0.0,0.0,0.0
MI,input_gradient,chest,0.2,independent_zero,1.0,1.0,0.0,0.0,0.0,0.0,0.0,0.0
MI,input_gradient,chest,0.2,target_matched,1.0,1.0,0.0,0.0,0.0,0.0,0.0,0.0
MI,input_gradient,chest,0.2,energy_matched,1.0,1.0,0.0,0.0,0.0,0.0,0.0,0.0
MI,input_gradient,all,0.05,independent_zero,1.0,1.0,0.0,0.0,0.0,0.0,0.012108632363379002,0.027848493307828903
MI,input_gradient,all,0.05,target_matched,1.06215238571167,1.210656762123108,0.10103167593479156,0.31030917167663574,3.0291038566332418e-09,1.226130130760339e-08,5.438785533051771e-10,1.380868086542364e-09
MI,input_gradient,all,0.05,energy_matched,1.0,1.0000001192092896,0.03213649243116379,0.1259218156337738,0.12233258783817291,0.2737943232059479,6.310382771879119e-10,1.7616518244167878e-09
MI,input_gradient,all,0.1,independent_zero,1.0,1.0,0.0,0.0,0.0,0.0,0.016962971538305283,0.03455125540494919
MI,input_gradient,all,0.1,target_matched,1.0540357828140259,1.1592880487442017,0.09271234273910522,0.25433439016342163,5.25633225834099e-09,1.5228978966774775e-08,8.528310835309583e-10,1.966724560986677e-09
MI,input_gradient,all,0.1,energy_matched,1.0,1.0000001192092896,0.02732272259891033,0.0952516719698906,0.12399734556674957,0.24205465614795685,1.0550698092970379e-09,2.5906112810503146e-09
MI,input_gradient,all,0.2,independent_zero,1.0,1.0,0.0,0.0,0.0,0.0,0.02225850708782673,0.043151069432497025
MI,input_gradient,all,0.2,target_matched,1.0441447496414185,1.1128450632095337,0.07926934212446213,0.19028693437576294,7.665288848102136e-09,1.716866648848736e-08,1.2690481998589576e-09,2.5521227353664244e-09
MI,input_gradient,all,0.2,energy_matched,1.0,1.0000001192092896,0.022875910624861717,0.06444718688726425,0.11793729662895203,0.20646165311336517,1.6579967399010798e-09,3.435572715204671e-09
MI,integrated_gradients,limb,0.05,independent_zero,1.0,1.0,0.0,0.0,0.0,0.0,0.019002500921487808,0.03912821412086487
MI,integrated_gradients,limb,0.05,target_matched,1.3609163761138916,1.5157326459884644,0.4382709264755249,0.5590998530387878,1.2409635097299088e-08,2.3482863653612185e-08,9.096219333315503e-10,1.885202438600686e-09
MI,integrated_gradients,limb,0.05,energy_matched,1.0,1.0000001192092896,0.2886548638343811,0.42445582151412964,0.30827730894088745,0.3804556727409363,1.3030947432213225e-09,2.9043434324194095e-09
MI,integrated_gradients,limb,0.1,independent_zero,1.0,1.0,0.0,0.0,0.0,0.0,0.02245793119072914,0.04312574863433838
MI,integrated_gradients,limb,0.1,target_matched,1.2812484502792358,1.398173213005066,0.37652823328971863,0.4821377694606781,1.8335683193981822e-08,2.7338105113017264e-08,1.2159685480739313e-09,2.394042075692937e-09
MI,integrated_gradients,limb,0.1,energy_matched,1.0,1.0000001192092896,0.20020794868469238,0.2983681559562683,0.2936285436153412,0.3581041693687439,1.7712665778546466e-09,3.7370266880998315e-09
MI,integrated_gradients,limb,0.2,independent_zero,1.0,1.0,0.0,0.0,0.0,0.0,0.02536282129585743,0.047696858644485474
MI,integrated_gradients,limb,0.2,target_matched,1.2039554119110107,1.291273832321167,0.3019774556159973,0.39810416102409363,2.2653376063885844e-08,3.018440253299559e-08,1.5850323276112022e-09,2.939806620361196e-09
MI,integrated_gradients,limb,0.2,energy_matched,1.0,1.0000001192092896,0.1345897763967514,0.1969098299741745,0.25958311557769775,0.31272462010383606,2.3734441079170665e-09,4.812112486263231e-09
MI,integrated_gradients,chest,0.05,independent_zero,1.0,1.0,0.0,0.0,0.0,0.0,0.0,0.0
MI,integrated_gradients,chest,0.05,target_matched,1.0,1.0,0.0,0.0,0.0,0.0,0.0,0.0
MI,integrated_gradients,chest,0.05,energy_matched,1.0,1.0,0.0,0.0,0.0,0.0,0.0,0.0
MI,integrated_gradients,chest,0.1,independent_zero,1.0,1.0,0.0,0.0,0.0,0.0,0.0,0.0
MI,integrated_gradients,chest,0.1,target_matched,1.0,1.0,0.0,0.0,0.0,0.0,0.0,0.0
MI,integrated_gradients,chest,0.1,energy_matched,1.0,1.0,0.0,0.0,0.0,0.0,0.0,0.0
MI,integrated_gradients,chest,0.2,independent_zero,1.0,1.0,0.0,0.0,0.0,0.0,0.0,0.0
MI,integrated_gradients,chest,0.2,target_matched,1.0,1.0,0.0,0.0,0.0,0.0,0.0,0.0
MI,integrated_gradients,chest,0.2,energy_matched,1.0,1.0,0.0,0.0,0.0,0.0,0.0,0.0
MI,integrated_gradients,all,0.05,independent_zero,1.0,1.0,0.0,0.0,0.0,0.0,0.013616718351840973,0.033686280250549316
MI,integrated_gradients,all,0.05,target_matched,1.0651986598968506,1.2028887271881104,0.10663960129022598,0.30435889959335327,3.813807936126068e-09,1.513907044170537e-08,6.272902197679286e-10,1.6970648220038242e-09
MI,integrated_gradients,all,0.05,energy_matched,1.0,1.0000001192092896,0.03451230376958847,0.1282663643360138,0.12746070325374603,0.2772447168827057,7.764870968429705e-10,2.6312976242337527e-09
MI,integrated_gradients,all,0.1,independent_zero,1.0,1.0,0.0,0.0,0.0,0.0,0.01805727742612362,0.03752022236585617
MI,integrated_gradients,all,0.1,target_matched,1.0527398586273193,1.147897720336914,0.09148188680410385,0.23798435926437378,6.006820374437893e-09,1.810863992091072e-08,9.344047757764429e-10,2.1787300852338376e-09
MI,integrated_gradients,all,0.1,energy_matched,1.0,1.0000001192092896,0.027420375496149063,0.09049010276794434,0.12358801066875458,0.23211780190467834,1.1989501613740572e-09,3.3152856016016585e-09
MI,integrated_gradients,all,0.2,independent_zero,1.0,1.0,0.0,0.0,0.0,0.0,0.022727500647306442,0.042681366205215454
MI,integrated_gradients,all,0.2,target_matched,1.0415139198303223,1.0993845462799072,0.07544774562120438,0.17193575203418732,8.333775447511016e-09,1.9484160063143463e-08,1.3485255134781937e-09,2.8083058101202596e-09
MI,integrated_gradients,all,0.2,energy_matched,1.0,1.0000001192092896,0.021646276116371155,0.058032650500535965,0.11530014127492905,0.1928253322839737,1.809572491850986e-09,4.191382796392418e-09
MI,random,limb,0.05,independent_zero,1.0,1.0,0.0,0.0,0.0,0.0,0.017084268853068352,0.03158136084675789
MI,random,limb,0.05,target_matched,1.740253210067749,1.9055957794189453,0.665103018283844,0.7246156334877014,3.4346930855022606e-10,0.0,5.92371429686267e-10,1.4653452895529995e-09
MI,random,limb,0.05,energy_matched,1.0,1.0000001192092896,0.6167137622833252,0.6998510360717773,0.4232582151889801,0.4706323742866516,6.329865520626754e-10,1.4128156422543725e-09
MI,random,limb,0.1,independent_zero,1.0,1.0,0.0,0.0,0.0,0.0,0.024007748812437057,0.04332556575536728
MI,random,limb,0.1,target_matched,1.7224189043045044,1.890845775604248,0.6588775515556335,0.7203031778335571,1.9431247721968248e-09,1.161052676224017e-08,1.0127506611112835e-09,2.130315035486774e-09
MI,random,limb,0.1,energy_matched,1.0,1.0000001192092896,0.5651402473449707,0.6640709042549133,0.42228901386260986,0.4691387712955475,1.0278033979460588e-09,2.0059398586624866e-09
MI,random,limb,0.2,independent_zero,1.0,1.0,0.0,0.0,0.0,0.0,0.03221927583217621,0.057870037853717804
MI,random,limb,0.2,target_matched,1.655431866645813,1.829851746559143,0.6309377551078796,0.7013460397720337,8.231950232584495e-09,1.8703584458990008e-08,1.608056909851996e-09,3.030030670814199e-09
MI,random,limb,0.2,energy_matched,1.0,1.0000001192092896,0.46686285734176636,0.5769246816635132,0.41473859548568726,0.4674290716648102,1.6449294149012417e-09,2.924444464369458e-09
MI,random,chest,0.05,independent_zero,1.0,1.0,0.0,0.0,0.0,0.0,0.0,0.0
MI,random,chest,0.05,target_matched,1.0,1.0,0.0,0.0,0.0,0.0,0.0,0.0
MI,random,chest,0.05,energy_matched,1.0,1.0,0.0,0.0,0.0,0.0,0.0,0.0
MI,random,chest,0.1,independent_zero,1.0,1.0,0.0,0.0,0.0,0.0,0.0,0.0
MI,random,chest,0.1,target_matched,1.0,1.0,0.0,0.0,0.0,0.0,0.0,0.0
MI,random,chest,0.1,energy_matched,1.0,1.0,0.0,0.0,0.0,0.0,0.0,0.0
MI,random,chest,0.2,independent_zero,1.0,1.0,0.0,0.0,0.0,0.0,0.0,0.0
MI,random,chest,0.2,target_matched,1.0,1.0,0.0,0.0,0.0,0.0,0.0,0.0
MI,random,chest,0.2,energy_matched,1.0,1.0,0.0,0.0,0.0,0.0,0.0,0.0
MI,random,all,0.05,independent_zero,1.0,1.0,0.0,0.0,0.0,0.0,0.016884129494428635,0.03215217590332031
MI,random,all,0.05,target_matched,1.2359826564788818,1.5347992181777954,0.31653812527656555,0.5754811763763428,2.0018323110271297e-10,0.0,5.882024312064971e-10,1.4657119962180332e-09
MI,random,all,0.05,energy_matched,1.0,1.0000001192092896,0.08384397625923157,0.24693624675273895,0.30086949467658997,0.4668642580509186,4.286026533684151e-10,1.0183005549890822e-09
MI,random,all,0.1,independent_zero,1.0,1.0,0.0,0.0,0.0,0.0,0.02372448332607746,0.04333791881799698
MI,random,all,0.1,target_matched,1.2177141904830933,1.4514830112457275,0.30696552991867065,0.5253470540046692,9.994476357633175e-10,6.213675796118423e-09,1.0053713417335075e-09,2.137559684811663e-09
MI,random,all,0.1,energy_matched,1.0,1.0000001192092896,0.07272066920995712,0.19630907475948334,0.2876019775867462,0.4324597120285034,7.265441581694176e-10,1.552197703702518e-09
MI,random,all,0.2,independent_zero,1.0,1.0,0.0,0.0,0.0,0.0,0.03207181394100189,0.05703479051589966
MI,random,all,0.2,target_matched,1.1917808055877686,1.3733494281768799,0.28242775797843933,0.4698021709918976,4.00430710811861e-09,9.990234417500687e-09,1.5992088764349432e-09,3.107032187088521e-09
MI,random,all,0.2,energy_matched,1.0,1.0000001192092896,0.0651419386267662,0.15748432278633118,0.2630518078804016,0.3875328302383423,1.2261155424297954e-09,2.292069867237956e-09
CD,saliency,limb,0.05,independent_zero,1.0,1.0,0.0,0.0,0.0,0.0,0.010953067801892757,0.019171463325619698
CD,saliency,limb,0.05,target_matched,1.4302992820739746,1.805794596672058,0.44718125462532043,0.6653622388839722,1.6553251214190823e-08,2.959061440321875e-08,6.513265482510633e-10,1.1725602711010197e-09
CD,saliency,limb,0.05,energy_matched,1.0,1.0000001192092896,0.2697545289993286,0.4338945746421814,0.31326982378959656,0.4489046335220337,7.697925630267832e-10,1.3152393618653946e-09
CD,saliency,limb,0.1,independent_zero,1.0,1.0,0.0,0.0,0.0,0.0,0.013805588707327843,0.02357025258243084
CD,saliency,limb,0.1,target_matched,1.3218696117401123,1.5709118843078613,0.38960185647010803,0.5594994425773621,2.2078722849983023e-08,3.2513842285197825e-08,9.006581591641805e-10,1.6187008400336822e-09
CD,saliency,limb,0.1,energy_matched,1.0,1.0000001192092896,0.1742398738861084,0.29564714431762695,0.3004441261291504,0.3968624174594879,1.1358157747665132e-09,1.9454826638565237e-09
CD,saliency,limb,0.2,independent_zero,1.0,1.0,0.0,0.0,0.0,0.0,0.016501575708389282,0.028201716020703316
CD,saliency,limb,0.2,target_matched,1.2243887186050415,1.3784105777740479,0.31060895323753357,0.45201706886291504,2.5423373628541412e-08,3.285000005348593e-08,1.2137441052217923e-09,2.089936446125762e-09
CD,saliency,limb,0.2,energy_matched,1.0,1.0000001192092896,0.10945609211921692,0.17546607553958893,0.26401379704475403,0.3423142433166504,1.626094259243871e-09,2.6787345674961216e-09
CD,saliency,chest,0.05,independent_zero,1.0,1.0,0.0,0.0,0.0,0.0,0.0,0.0
CD,saliency,chest,0.05,target_matched,1.0,1.0,0.0,0.0,0.0,0.0,0.0,0.0
CD,saliency,chest,0.05,energy_matched,1.0,1.0,0.0,0.0,0.0,0.0,0.0,0.0
CD,saliency,chest,0.1,independent_zero,1.0,1.0,0.0,0.0,0.0,0.0,0.0,0.0
CD,saliency,chest,0.1,target_matched,1.0,1.0,0.0,0.0,0.0,0.0,0.0,0.0
CD,saliency,chest,0.1,energy_matched,1.0,1.0,0.0,0.0,0.0,0.0,0.0,0.0
CD,saliency,chest,0.2,independent_zero,1.0,1.0,0.0,0.0,0.0,0.0,0.0,0.0
CD,saliency,chest,0.2,target_matched,1.0,1.0,0.0,0.0,0.0,0.0,0.0,0.0
CD,saliency,chest,0.2,energy_matched,1.0,1.0,0.0,0.0,0.0,0.0,0.0,0.0
CD,saliency,all,0.05,independent_zero,1.0,1.0,0.0,0.0,0.0,0.0,0.011773616075515747,0.019938351586461067
CD,saliency,all,0.05,target_matched,1.1935911178588867,1.4093483686447144,0.26160547137260437,0.4666786193847656,1.2427822326799287e-08,2.1443488762429297e-08,7.286091174840692e-10,1.281254102813989e-09
CD,saliency,all,0.05,energy_matched,1.0,1.0000001192092896,0.08487534523010254,0.17795895040035248,0.2308184653520584,0.3546953797340393,8.02593269622065e-10,1.3837104795300093e-09
CD,saliency,all,0.1,independent_zero,1.0,1.0,0.0,0.0,0.0,0.0,0.014453320764005184,0.025010215118527412
CD,saliency,all,0.1,target_matched,1.1228433847427368,1.269973874092102,0.1885153204202652,0.35897207260131836,1.4208341170274252e-08,2.163659473808366e-08,9.764228314779189e-10,1.7503444249555855e-09
CD,saliency,all,0.1,energy_matched,1.0,1.0000001192092896,0.04953281581401825,0.10577182471752167,0.18988947570323944,0.2921397387981415,1.1812014699685847e-09,2.0216461837918587e-09
CD,saliency,all,0.2,independent_zero,1.0,1.0,0.0,0.0,0.0,0.0,0.01683076098561287,0.028642401099205017
CD,saliency,all,0.2,target_matched,1.0730388164520264,1.1529392004013062,0.12426798790693283,0.2402006834745407,1.4845608298230673e-08,2.181782576826663e-08,1.292581597311937e-09,2.1856705334499793e-09
CD,saliency,all,0.2,energy_matched,1.0,1.0000001192092896,0.028767891228199005,0.05883317440748215,0.14893066883087158,0.22348728775978088,1.673159166770688e-09,2.760871309348545e-09
CD,input_gradient,limb,0.05,independent_zero,1.0,1.0,0.0,0.0,0.0,0.0,0.017511557787656784,0.033073388040065765
CD,input_gradient,limb,0.05,target_matched,1.3615673780441284,1.517301321029663,0.4395541846752167,0.5589567422866821,1.3057046110986903e-08,2.6532685382107957e-08,8.637182635773399e-10,1.6845045358593325e-09
CD,input_gradient,limb,0.05,energy_matched,1.0,1.0000001192092896,0.28103724122047424,0.4090622663497925,0.3109716773033142,0.3834838569164276,1.1886974737862488e-09,2.4051265423707946e-09
CD,input_gradient,limb,0.1,independent_zero,1.0,1.0,0.0,0.0,0.0,0.0,0.02130020596086979,0.041739869862794876
CD,input_gradient,limb,0.1,target_matched,1.2867014408111572,1.395158052444458,0.3824586570262909,0.4836542308330536,1.8427993353498096e-08,2.7600881580269743e-08,1.1459360127474838e-09,2.2569071056466328e-09
CD,input_gradient,limb,0.1,energy_matched,1.0,1.0000001192092896,0.2021288275718689,0.2890455722808838,0.29650232195854187,0.3571658432483673,1.6565780969202137e-09,3.3030420620860923e-09
CD,input_gradient,limb,0.2,independent_zero,1.0,1.0,0.0,0.0,0.0,0.0,0.024580540135502815,0.046327948570251465
CD,input_gradient,limb,0.2,target_matched,1.213697075843811,1.2954018115997314,0.31292468309402466,0.39940589666366577,2.2201154692425007e-08,2.9863208794722595e-08,1.5034593570106836e-09,2.795174314229598e-09
CD,input_gradient,limb,0.2,energy_matched,1.0,1.0000001192092896,0.14042291045188904,0.19824618101119995,0.26456037163734436,0.31604063510894775,2.2373811692233403e-09,4.2369836528166616e-09
CD,input_gradient,chest,0.05,independent_zero,1.0,1.0,0.0,0.0,0.0,0.0,0.0,0.0
CD,input_gradient,chest,0.05,target_matched,1.0,1.0,0.0,0.0,0.0,0.0,0.0,0.0
CD,input_gradient,chest,0.05,energy_matched,1.0,1.0,0.0,0.0,0.0,0.0,0.0,0.0
CD,input_gradient,chest,0.1,independent_zero,1.0,1.0,0.0,0.0,0.0,0.0,0.0,0.0
CD,input_gradient,chest,0.1,target_matched,1.0,1.0,0.0,0.0,0.0,0.0,0.0,0.0
CD,input_gradient,chest,0.1,energy_matched,1.0,1.0,0.0,0.0,0.0,0.0,0.0,0.0
CD,input_gradient,chest,0.2,independent_zero,1.0,1.0,0.0,0.0,0.0,0.0,0.0,0.0
CD,input_gradient,chest,0.2,target_matched,1.0,1.0,0.0,0.0,0.0,0.0,0.0,0.0
CD,input_gradient,chest,0.2,energy_matched,1.0,1.0,0.0,0.0,0.0,0.0,0.0,0.0
CD,input_gradient,all,0.05,independent_zero,1.0,1.0,0.0,0.0,0.0,0.0,0.011870237998664379,0.027989601716399193
CD,input_gradient,all,0.05,target_matched,1.0601803064346313,1.1929240226745605,0.09862835705280304,0.29310524463653564,3.1161653257782973e-09,1.3355798245129336e-08,5.431007865652759e-10,1.4389519575885856e-09
CD,input_gradient,all,0.05,energy_matched,1.0,1.0000001192092896,0.030016036704182625,0.11997300386428833,0.11967440694570541,0.26305532455444336,6.288615739258319e-10,1.8583616867573483e-09
CD,input_gradient,all,0.1,independent_zero,1.0,1.0,0.0,0.0,0.0,0.0,0.016613934189081192,0.03479749709367752
CD,input_gradient,all,0.1,target_matched,1.0520563125610352,1.1527079343795776,0.08980058133602142,0.241384819149971,5.386853185740392e-09,1.6199837915564785e-08,8.500476433859205e-10,1.88861104533089e-09
CD,input_gradient,all,0.1,energy_matched,1.0,1.0000001192092896,0.02614305354654789,0.08704141527414322,0.12115385383367538,0.2346358746290207,1.0456883137166528e-09,2.6062583202701717e-09
CD,input_gradient,all,0.2,independent_zero,1.0,1.0,0.0,0.0,0.0,0.0,0.021637123078107834,0.0423918254673481
CD,input_gradient,all,0.2,target_matched,1.0427305698394775,1.1069109439849854,0.07709437608718872,0.1826239377260208,7.744526797637263e-09,1.8353471631371576e-08,1.2510859015435472e-09,2.548187438833338e-09
CD,input_gradient,all,0.2,energy_matched,1.0,1.0000001192092896,0.0219024159014225,0.05973811820149422,0.11554038524627686,0.19695931673049927,1.644418712309914e-09,3.6530520830524438e-09
CD,integrated_gradients,limb,0.05,independent_zero,1.0,1.0,0.0,0.0,0.0,0.0,0.01879827491939068,0.03906526044011116
CD,integrated_gradients,limb,0.05,target_matched,1.359546422958374,1.5128891468048096,0.43771564960479736,0.557465136051178,1.2682075833936324e-08,2.4361908046444114e-08,9.119573984861518e-10,1.876403032952112e-09
CD,integrated_gradients,limb,0.05,energy_matched,1.0,1.0000001192092896,0.2820850610733032,0.4161704182624817,0.3080093264579773,0.3809663653373718,1.305822228125919e-09,2.9705167214899575e-09
CD,integrated_gradients,limb,0.1,independent_zero,1.0,1.0,0.0,0.0,0.0,0.0,0.022296862676739693,0.04257701709866524
CD,integrated_gradients,limb,0.1,target_matched,1.2824054956436157,1.4022061824798584,0.3778705298900604,0.48428645730018616,1.8493595987933986e-08,2.772333651535064e-08,1.2129500737145804e-09,2.4173714141539904e-09
CD,integrated_gradients,limb,0.1,energy_matched,1.0,1.0000001192092896,0.19922558963298798,0.2981986403465271,0.29245442152023315,0.35617971420288086,1.7848785782703658e-09,3.897787870243974e-09
CD,integrated_gradients,limb,0.2,independent_zero,1.0,1.0,0.0,0.0,0.0,0.0,0.025226512923836708,0.04576766490936279
CD,integrated_gradients,limb,0.2,target_matched,1.2059093713760376,1.2918840646743774,0.3034188747406006,0.3980415463447571,2.2374180730366788e-08,2.989797209806966e-08,1.5794855423578724e-09,2.962915468529559e-09
CD,integrated_gradients,limb,0.2,energy_matched,1.0,1.0000001192092896,0.13580816984176636,0.2000807225704193,0.25804972648620605,0.313802570104599,2.356864703401129e-09,4.712589429800573e-09
CD,integrated_gradients,chest,0.05,independent_zero,1.0,1.0,0.0,0.0,0.0,0.0,0.0,0.0
CD,integrated_gradients,chest,0.05,target_matched,1.0,1.0,0.0,0.0,0.0,0.0,0.0,0.0
CD,integrated_gradients,chest,0.05,energy_matched,1.0,1.0,0.0,0.0,0.0,0.0,0.0,0.0
CD,integrated_gradients,chest,0.1,independent_zero,1.0,1.0,0.0,0.0,0.0,0.0,0.0,0.0
CD,integrated_gradients,chest,0.1,target_matched,1.0,1.0,0.0,0.0,0.0,0.0,0.0,0.0
CD,integrated_gradients,chest,0.1,energy_matched,1.0,1.0,0.0,0.0,0.0,0.0,0.0,0.0
CD,integrated_gradients,chest,0.2,independent_zero,1.0,1.0,0.0,0.0,0.0,0.0,0.0,0.0
CD,integrated_gradients,chest,0.2,target_matched,1.0,1.0,0.0,0.0,0.0,0.0,0.0,0.0
CD,integrated_gradients,chest,0.2,energy_matched,1.0,1.0,0.0,0.0,0.0,0.0,0.0,0.0
CD,integrated_gradients,all,0.05,independent_zero,1.0,1.0,0.0,0.0,0.0,0.0,0.013114621862769127,0.03176882117986679
CD,integrated_gradients,all,0.05,target_matched,1.0622859001159668,1.199413776397705,0.10258539766073227,0.294806569814682,3.719790031553316e-09,1.576970731775873e-08,6.113909933880279e-10,1.7438489541277136e-09
CD,integrated_gradients,all,0.05,energy_matched,1.0,1.0,0.03271223232150078,0.12427928298711777,0.12229406833648682,0.26504719257354736,7.614813224421368e-10,2.9045241767278185e-09
CD,integrated_gradients,all,0.1,independent_zero,1.0,1.0,0.0,0.0,0.0,0.0,0.017567848786711693,0.037917349487543106
CD,integrated_gradients,all,0.1,target_matched,1.0517313480377197,1.1415472030639648,0.08998074382543564,0.22922363877296448,5.853916462683628e-09,1.796160553624304e-08,9.185874838557595e-10,2.219149086712946e-09
CD,integrated_gradients,all,0.1,energy_matched,1.0,1.0000001192092896,0.026331046596169472,0.08209101110696793,0.12056868523359299,0.22570474445819855,1.188418585762463e-09,3.3519564901496324e-09
CD,integrated_gradients,all,0.2,independent_zero,1.0,1.0,0.0,0.0,0.0,0.0,0.022455604746937752,0.04189854487776756
CD,integrated_gradients,all,0.2,target_matched,1.041366696357727,1.0996171236038208,0.07507415860891342,0.17003311216831207,8.167566178940433e-09,1.9489093006086478e-08,1.3361171058434707e-09,2.8366946569491347e-09
CD,integrated_gradients,all,0.2,energy_matched,1.0,1.0000001192092896,0.021269533783197403,0.05621801316738129,0.11412449926137924,0.19320560991764069,1.7902532789548786e-09,4.253062346748493e-09
CD,random,limb,0.05,independent_zero,1.0,1.0,0.0,0.0,0.0,0.0,0.017084268853068352,0.03158136084675789
CD,random,limb,0.05,target_matched,1.740253210067749,1.9055957794189453,0.665103018283844,0.7246156334877014,3.4346930855022606e-10,0.0,5.92371429686267e-10,1.4653452895529995e-09
CD,random,limb,0.05,energy_matched,1.0,1.0000001192092896,0.6167137622833252,0.6998510360717773,0.4232582151889801,0.4706323742866516,6.329865520626754e-10,1.4128156422543725e-09
CD,random,limb,0.1,independent_zero,1.0,1.0,0.0,0.0,0.0,0.0,0.024007748812437057,0.04332556575536728
CD,random,limb,0.1,target_matched,1.7224189043045044,1.890845775604248,0.6588775515556335,0.7203031778335571,1.9431247721968248e-09,1.161052676224017e-08,1.0127506611112835e-09,2.130315035486774e-09
CD,random,limb,0.1,energy_matched,1.0,1.0000001192092896,0.5651402473449707,0.6640709042549133,0.42228901386260986,0.4691387712955475,1.0278033979460588e-09,2.0059398586624866e-09
CD,random,limb,0.2,independent_zero,1.0,1.0,0.0,0.0,0.0,0.0,0.03221927583217621,0.057870037853717804
CD,random,limb,0.2,target_matched,1.655431866645813,1.829851746559143,0.6309377551078796,0.7013460397720337,8.231950232584495e-09,1.8703584458990008e-08,1.608056909851996e-09,3.030030670814199e-09
CD,random,limb,0.2,energy_matched,1.0,1.0000001192092896,0.46686285734176636,0.5769246816635132,0.41473859548568726,0.4674290716648102,1.6449294149012417e-09,2.924444464369458e-09
CD,random,chest,0.05,independent_zero,1.0,1.0,0.0,0.0,0.0,0.0,0.0,0.0
CD,random,chest,0.05,target_matched,1.0,1.0,0.0,0.0,0.0,0.0,0.0,0.0
CD,random,chest,0.05,energy_matched,1.0,1.0,0.0,0.0,0.0,0.0,0.0,0.0
CD,random,chest,0.1,independent_zero,1.0,1.0,0.0,0.0,0.0,0.0,0.0,0.0
CD,random,chest,0.1,target_matched,1.0,1.0,0.0,0.0,0.0,0.0,0.0,0.0
CD,random,chest,0.1,energy_matched,1.0,1.0,0.0,0.0,0.0,0.0,0.0,0.0
CD,random,chest,0.2,independent_zero,1.0,1.0,0.0,0.0,0.0,0.0,0.0,0.0
CD,random,chest,0.2,target_matched,1.0,1.0,0.0,0.0,0.0,0.0,0.0,0.0
CD,random,chest,0.2,energy_matched,1.0,1.0,0.0,0.0,0.0,0.0,0.0,0.0
CD,random,all,0.05,independent_zero,1.0,1.0,0.0,0.0,0.0,0.0,0.016884129494428635,0.03215217590332031
CD,random,all,0.05,target_matched,1.2359826564788818,1.5347992181777954,0.31653812527656555,0.5754811763763428,2.0018323110271297e-10,0.0,5.882024312064971e-10,1.4657119962180332e-09
CD,random,all,0.05,energy_matched,1.0,1.0000001192092896,0.08384397625923157,0.24693624675273895,0.30086949467658997,0.4668642580509186,4.286026533684151e-10,1.0183005549890822e-09
CD,random,all,0.1,independent_zero,1.0,1.0,0.0,0.0,0.0,0.0,0.02372448332607746,0.04333791881799698
CD,random,all,0.1,target_matched,1.2177141904830933,1.4514830112457275,0.30696552991867065,0.5253470540046692,9.994476357633175e-10,6.213675796118423e-09,1.0053713417335075e-09,2.137559684811663e-09
CD,random,all,0.1,energy_matched,1.0,1.0000001192092896,0.07272066920995712,0.19630907475948334,0.2876019775867462,0.4324597120285034,7.265441581694176e-10,1.552197703702518e-09
CD,random,all,0.2,independent_zero,1.0,1.0,0.0,0.0,0.0,0.0,0.03207181394100189,0.05703479051589966
CD,random,all,0.2,target_matched,1.1917808055877686,1.3733494281768799,0.28242775797843933,0.4698021709918976,4.00430710811861e-09,9.990234417500687e-09,1.5992088764349432e-09,3.107032187088521e-09
CD,random,all,0.2,energy_matched,1.0,1.0000001192092896,0.0651419386267662,0.15748432278633118,0.2630518078804016,0.3875328302383423,1.2261155424297954e-09,2.292069867237956e-09
