task,method_a,method_b,operator,a_minus_b,ci95_low,ci95_high,ordering
MI,saliency,input_gradient,independent_zero,-0.013356607407331467,-0.016301146149635314,-0.01048653479665518,a<b
MI,saliency,input_gradient,target_matched,-0.02816278301179409,-0.03208516547456384,-0.02431031591258943,a<b
MI,saliency,input_gradient,energy_matched,-0.01753871887922287,-0.020960869640111922,-0.014314717100933197,a<b
MI,saliency,integrated_gradients,independent_zero,-0.010331498458981514,-0.013697603601031005,-0.007101673132274303,a<b
MI,saliency,integrated_gradients,target_matched,-0.023072104901075363,-0.027300699334591626,-0.018957174010574823,a<b
MI,saliency,integrated_gradients,energy_matched,-0.012895805761218071,-0.016663240361958744,-0.00924827069975436,a<b
MI,input_gradient,integrated_gradients,independent_zero,0.003025108715519309,0.0004745476129755843,0.005464468465652312,a>b
MI,input_gradient,integrated_gradients,target_matched,0.0050906771793961525,0.0016946363932220266,0.008500981074757873,a>b
MI,input_gradient,integrated_gradients,energy_matched,0.004642914980649948,0.0020074467000085862,0.007252746378071604,a>b
CD,saliency,input_gradient,independent_zero,-0.007745510898530483,-0.010652903327718377,-0.005005694611463696,a<b
CD,saliency,input_gradient,target_matched,-0.011374262161552906,-0.01474719145335257,-0.007954502361826599,a<b
CD,saliency,input_gradient,energy_matched,-0.009650527499616146,-0.012727299728430808,-0.0066406866884790375,a<b
CD,saliency,integrated_gradients,independent_zero,-0.0059820120222866535,-0.009066231525503099,-0.002916342532262207,a<b
CD,saliency,integrated_gradients,target_matched,-0.0065805320627987385,-0.009952414222061634,-0.0031708651629742284,a<b
CD,saliency,integrated_gradients,energy_matched,-0.007368163205683231,-0.010679915407672524,-0.00420520710758865,a<b
CD,input_gradient,integrated_gradients,independent_zero,0.0017634996911510825,-0.0003876535512972623,0.00404140306636691,unresolved
CD,input_gradient,integrated_gradients,target_matched,0.00479372963309288,0.001940856341389008,0.007649541250430047,a>b
CD,input_gradient,integrated_gradients,energy_matched,0.0022823642939329147,-0.00012324767485551998,0.004748502024449408,unresolved
