seed,task,method,delta_advantage
17,MI,saliency,-0.007504729088395834
17,MI,input_gradient,-0.0012662396766245365
17,MI,integrated_gradients,-0.0032894539181143045
17,CD,saliency,-0.007387374062091112
17,CD,input_gradient,-0.005588260479271412
17,CD,integrated_gradients,-0.007399956230074167
29,MI,saliency,-0.0067262412048876286
29,MI,input_gradient,-0.0023215727414935827
29,MI,integrated_gradients,-0.0030012421775609255
29,CD,saliency,-0.007119194138795137
29,CD,input_gradient,-0.0029278842266649008
29,CD,integrated_gradients,-0.0042032962664961815
43,MI,saliency,-0.006403121165931225
43,MI,input_gradient,-0.004499939735978842
43,MI,integrated_gradients,-0.006650473456829786
43,CD,saliency,-0.0027783981058746576
43,CD,input_gradient,-0.003053774358704686
43,CD,integrated_gradients,-0.0015232592122629285
