task,method,operator,delta_advantage,ci_low,ci_high,interval_coverage,equivalence_margin,conclusion,equivalent_margin_0.005,equivalent_margin_0.02
MI,saliency,target_matched,-0.02464759536087513,-0.028656143788248302,-0.0208430131431669,0.95,0.01,beyond_margin,False,False
MI,saliency,energy_matched,-0.006878030486404896,-0.009231636366651703,-0.0045375343547978736,0.9916666666666667,0.01,equivalent,False,True
MI,input_gradient,target_matched,-0.009841416031122208,-0.014431710820645094,-0.005469825631007556,0.95,0.01,inconclusive,False,True
MI,input_gradient,energy_matched,-0.0026959176175296307,-0.005507960653631017,0.00016282813121507118,0.9916666666666667,0.01,equivalent,False,True
MI,integrated_gradients,target_matched,-0.011906985193490982,-0.016131156124174595,-0.007846828200854361,0.95,0.01,inconclusive,False,True
MI,integrated_gradients,energy_matched,-0.004313723649829626,-0.0067930692865047606,-0.0019046397608083925,0.9916666666666667,0.01,equivalent,False,True
CD,saliency,target_matched,-0.016938770189881325,-0.020175967086106538,-0.013776585552841428,0.95,0.01,beyond_margin,False,False
CD,saliency,energy_matched,-0.005761655513197184,-0.007733203053552036,-0.003917779785115272,0.9916666666666667,0.01,equivalent,False,True
CD,input_gradient,target_matched,-0.013310018926858902,-0.01686792788095772,-0.009845478204078975,0.95,0.01,inconclusive,False,True
CD,input_gradient,energy_matched,-0.0038566391449421644,-0.006083224905887618,-0.0017078132184299886,0.9916666666666667,0.01,equivalent,False,True
CD,integrated_gradients,target_matched,-0.01634024828672409,-0.01988055044785142,-0.012863808311522007,0.95,0.01,beyond_margin,False,True
CD,integrated_gradients,energy_matched,-0.0043755038641393185,-0.006829795417919134,-0.0021529102358423782,0.9916666666666667,0.01,equivalent,False,True
