task,method,stratum,budget,operator,response,ci95_low,ci95_high
MI,saliency,limb,0.05,independent_zero,0.03902612626552582,0.03636353388428688,0.041783640440553424
MI,saliency,limb,0.05,target_matched,0.05416538938879967,0.05060481568798423,0.057910417299717666
MI,saliency,limb,0.05,energy_matched,0.04421614482998848,0.0412188439629972,0.04735650792717933
MI,saliency,limb,0.1,independent_zero,0.059266239404678345,0.05544529668986797,0.06329365037381648
MI,saliency,limb,0.1,target_matched,0.07670483738183975,0.07208266574889421,0.08163548950105905
MI,saliency,limb,0.1,energy_matched,0.0638732835650444,0.05984508078545332,0.06813591197133065
MI,saliency,limb,0.2,independent_zero,0.09020338207483292,0.0851076764985919,0.09546582363545894
MI,saliency,limb,0.2,target_matched,0.1133023202419281,0.10719912424683571,0.11958007104694843
MI,saliency,limb,0.2,energy_matched,0.09530310332775116,0.08989634402096272,0.10091051384806632
MI,saliency,chest,0.05,independent_zero,0.038721274584531784,0.03552591111510992,0.041944485064595936
MI,saliency,chest,0.05,target_matched,0.038721274584531784,0.03552591111510992,0.041944485064595936
MI,saliency,chest,0.05,energy_matched,0.038721274584531784,0.03552591111510992,0.041944485064595936
MI,saliency,chest,0.1,independent_zero,0.048566076904535294,0.04468955509364605,0.05254925554618239
MI,saliency,chest,0.1,target_matched,0.048566076904535294,0.04468955509364605,0.05254925554618239
MI,saliency,chest,0.1,energy_matched,0.048566076904535294,0.04468955509364605,0.05254925554618239
MI,saliency,chest,0.2,independent_zero,0.06422655284404755,0.05941726602613926,0.06916072741150855
MI,saliency,chest,0.2,target_matched,0.06422655284404755,0.05941726602613926,0.06916072741150855
MI,saliency,chest,0.2,energy_matched,0.06422655284404755,0.05941726602613926,0.06916072741150855
MI,saliency,all,0.05,independent_zero,0.051364701241254807,0.04782117158174515,0.054967418126761904
MI,saliency,all,0.05,target_matched,0.06803872436285019,0.06365627776831388,0.0727742439135909
MI,saliency,all,0.05,energy_matched,0.052099645137786865,0.04841825840994716,0.055813000351190564
MI,saliency,all,0.1,independent_zero,0.07318831235170364,0.06862630173563958,0.07803469579666852
MI,saliency,all,0.1,target_matched,0.09046901017427444,0.0851848416030407,0.09601050894707441
MI,saliency,all,0.1,energy_matched,0.07200200110673904,0.06741798855364323,0.07689313497394323
MI,saliency,all,0.2,independent_zero,0.10777951031923294,0.10171239152550697,0.11403138190507889
MI,saliency,all,0.2,target_matched,0.13125352561473846,0.12451238799840211,0.1380667243152857
MI,saliency,all,0.2,energy_matched,0.10450230538845062,0.09858998563140631,0.11067161802202463
MI,input_gradient,limb,0.05,independent_zero,0.049546655267477036,0.04621052648872137,0.05298300422728062
MI,input_gradient,limb,0.05,target_matched,0.0731947273015976,0.06866225358098746,0.07796438056975603
MI,input_gradient,limb,0.05,energy_matched,0.056762825697660446,0.05305452197790146,0.060630275588482614
MI,input_gradient,limb,0.1,independent_zero,0.07262285053730011,0.06809737123548984,0.07721840888261795
MI,input_gradient,limb,0.1,target_matched,0.1048676148056984,0.09902487564831972,0.11079824101179839
MI,input_gradient,limb,0.1,energy_matched,0.08141200244426727,0.07655727844685316,0.08636343199759722
MI,input_gradient,limb,0.2,independent_zero,0.1142619252204895,0.10817345175892115,0.1205634219571948
MI,input_gradient,limb,0.2,target_matched,0.15919360518455505,0.1518229715526104,0.16704073511064052
MI,input_gradient,limb,0.2,energy_matched,0.12672865390777588,0.12016544993966818,0.13354925327003003
MI,input_gradient,chest,0.05,independent_zero,0.04970397800207138,0.045720689557492734,0.05364230340346694
MI,input_gradient,chest,0.05,target_matched,0.04970397800207138,0.045720689557492734,0.05364230340346694
MI,input_gradient,chest,0.05,energy_matched,0.04970397800207138,0.045720689557492734,0.05364230340346694
MI,input_gradient,chest,0.1,independent_zero,0.06395930796861649,0.0593152230605483,0.06872593723237515
MI,input_gradient,chest,0.1,target_matched,0.06395930796861649,0.0593152230605483,0.06872593723237515
MI,input_gradient,chest,0.1,energy_matched,0.06395930796861649,0.0593152230605483,0.06872593723237515
MI,input_gradient,chest,0.2,independent_zero,0.08732733875513077,0.08140328675508499,0.09360560458153486
MI,input_gradient,chest,0.2,target_matched,0.08732733875513077,0.08140328675508499,0.09360560458153486
MI,input_gradient,chest,0.2,energy_matched,0.08732733875513077,0.08140328675508499,0.09360560458153486
MI,input_gradient,all,0.05,independent_zero,0.0656413584947586,0.06108122132718563,0.07033061739057303
MI,input_gradient,all,0.05,target_matched,0.07499881088733673,0.07017941623926163,0.07994304616004227
MI,input_gradient,all,0.05,energy_matched,0.066279835999012,0.061747920140624045,0.0710740189999342
MI,input_gradient,all,0.1,independent_zero,0.09149162471294403,0.08577245660126209,0.09743582140654325
MI,input_gradient,all,0.1,target_matched,0.10572494566440582,0.09965640194714069,0.11196877546608447
MI,input_gradient,all,0.1,energy_matched,0.09263517707586288,0.08684306852519512,0.09870483353734016
MI,input_gradient,all,0.2,independent_zero,0.1358301043510437,0.12921608425676823,0.14278373792767524
MI,input_gradient,all,0.2,target_matched,0.15936428308486938,0.15198857188224793,0.16699800379574298
MI,input_gradient,all,0.2,energy_matched,0.1351509988307953,0.12850721180438995,0.142265959456563
MI,integrated_gradients,limb,0.05,independent_zero,0.04672665521502495,0.04338114764541388,0.05022130897268653
MI,integrated_gradients,limb,0.05,target_matched,0.07021065056324005,0.06562698781490325,0.07501138653606176
MI,integrated_gradients,limb,0.05,energy_matched,0.05327882617712021,0.049487107712775466,0.057208033464848984
MI,integrated_gradients,limb,0.1,independent_zero,0.0695977434515953,0.0651463408023119,0.07429684475064277
MI,integrated_gradients,limb,0.1,target_matched,0.09977693855762482,0.09411076046526431,0.10551693961024285
MI,integrated_gradients,limb,0.1,energy_matched,0.07676909118890762,0.07185426373034716,0.08182766139507293
MI,integrated_gradients,limb,0.2,independent_zero,0.1075979694724083,0.10171516630798579,0.11363745536655186
MI,integrated_gradients,limb,0.2,target_matched,0.15224750339984894,0.14496844671666623,0.1597265787422657
MI,integrated_gradients,limb,0.2,energy_matched,0.11898530274629593,0.1125294940546155,0.12554790154099463
MI,integrated_gradients,chest,0.05,independent_zero,0.04765390604734421,0.04381576497107744,0.051604445464909075
MI,integrated_gradients,chest,0.05,target_matched,0.04765390604734421,0.04381576497107744,0.051604445464909075
MI,integrated_gradients,chest,0.05,energy_matched,0.04765390604734421,0.04381576497107744,0.051604445464909075
MI,integrated_gradients,chest,0.1,independent_zero,0.06282585859298706,0.05810373071581125,0.06773972641676664
MI,integrated_gradients,chest,0.1,target_matched,0.06282585859298706,0.05810373071581125,0.06773972641676664
MI,integrated_gradients,chest,0.1,energy_matched,0.06282585859298706,0.05810373071581125,0.06773972641676664
MI,integrated_gradients,chest,0.2,independent_zero,0.08533135801553726,0.07933768052607774,0.09157571848481894
MI,integrated_gradients,chest,0.2,target_matched,0.08533135801553726,0.07933768052607774,0.09157571848481894
MI,integrated_gradients,chest,0.2,energy_matched,0.08533135801553726,0.07933768052607774,0.09157571848481894
MI,integrated_gradients,all,0.05,independent_zero,0.06471304595470428,0.06024404326453805,0.06933836676180362
MI,integrated_gradients,all,0.05,target_matched,0.07454211264848709,0.0697460351511836,0.07957457937300205
MI,integrated_gradients,all,0.05,energy_matched,0.06509854644536972,0.06059013521298766,0.06983147989958524
MI,integrated_gradients,all,0.1,independent_zero,0.08770501613616943,0.08233892135322093,0.09320279955863953
MI,integrated_gradients,all,0.1,target_matched,0.10308992862701416,0.09743212182074786,0.10895809046924114
MI,integrated_gradients,all,0.1,energy_matched,0.08746901899576187,0.08204794116318226,0.09292714111506939
MI,integrated_gradients,all,0.2,independent_zero,0.13274234533309937,0.12610141485929488,0.1395974464714527
MI,integrated_gradients,all,0.2,target_matched,0.15419693291187286,0.1472385436296463,0.16132483929395675
MI,integrated_gradients,all,0.2,energy_matched,0.13156424462795258,0.12498038932681084,0.13844899870455263
MI,random,limb,0.05,independent_zero,0.015098238363862038,0.0137312549399212,0.016551410825923086
MI,random,limb,0.05,target_matched,0.038942091166973114,0.03570986734703183,0.042364942654967305
MI,random,limb,0.05,energy_matched,0.022350512444972992,0.020312062185257673,0.024508901918306947
MI,random,limb,0.1,independent_zero,0.024759547784924507,0.02276453417725861,0.026913467375561592
MI,random,limb,0.1,target_matched,0.06684572994709015,0.06210215985774994,0.07176073472946883
MI,random,limb,0.1,energy_matched,0.03624461963772774,0.03334015253931284,0.039227521326392886
MI,random,limb,0.2,independent_zero,0.04185415431857109,0.038696885108947754,0.04500521849840879
MI,random,limb,0.2,target_matched,0.12599946558475494,0.11875160112977028,0.13348262980580328
MI,random,limb,0.2,energy_matched,0.059786416590213776,0.05543028740212321,0.0641052320599556
MI,random,chest,0.05,independent_zero,0.021374111995100975,0.019387394795194267,0.023421880835667253
MI,random,chest,0.05,target_matched,0.021374111995100975,0.019387394795194267,0.023421880835667253
MI,random,chest,0.05,energy_matched,0.021374111995100975,0.019387394795194267,0.023421880835667253
MI,random,chest,0.1,independent_zero,0.032337166368961334,0.029476379929110407,0.0351705745793879
MI,random,chest,0.1,target_matched,0.032337166368961334,0.029476379929110407,0.0351705745793879
MI,random,chest,0.1,energy_matched,0.032337166368961334,0.029476379929110407,0.0351705745793879
MI,random,chest,0.2,independent_zero,0.049648113548755646,0.04576691035181284,0.05369185348972678
MI,random,chest,0.2,target_matched,0.049648113548755646,0.04576691035181284,0.05369185348972678
MI,random,chest,0.2,energy_matched,0.049648113548755646,0.04576691035181284,0.05369185348972678
MI,random,all,0.05,independent_zero,0.028957484290003777,0.026390831265598536,0.031527889985591175
MI,random,all,0.05,target_matched,0.04731900244951248,0.043499119207262994,0.05116854989901185
MI,random,all,0.05,energy_matched,0.030536815524101257,0.027806079527363182,0.0333183235488832
MI,random,all,0.1,independent_zero,0.045180484652519226,0.041590844839811326,0.04882793538272381
MI,random,all,0.1,target_matched,0.0849556103348732,0.07948017492890358,0.0907412014901638
MI,random,all,0.1,energy_matched,0.04739696532487869,0.043644359800964594,0.05128311989828944
MI,random,all,0.2,independent_zero,0.07704140990972519,0.0716821314767003,0.08252918235957622
MI,random,all,0.2,target_matched,0.17256960272789001,0.1640193611383438,0.18168214596807958
MI,random,all,0.2,energy_matched,0.08011740446090698,0.07462974358350039,0.08585564754903316
CD,saliency,limb,0.05,independent_zero,0.037199538201093674,0.034755172580480574,0.03977279867976904
CD,saliency,limb,0.05,target_matched,0.049573756754398346,0.04640787560492754,0.05286607602611184
CD,saliency,limb,0.05,energy_matched,0.040917959064245224,0.03828523382544517,0.043672621995210645
CD,saliency,limb,0.1,independent_zero,0.04997137933969498,0.04682624749839306,0.05317445555701852
CD,saliency,limb,0.1,target_matched,0.0629628598690033,0.059052929282188416,0.06708627324551343
CD,saliency,limb,0.1,energy_matched,0.05326598882675171,0.049901903886348006,0.05664978884160518
CD,saliency,limb,0.2,independent_zero,0.0684015229344368,0.06437474247068167,0.07254096828401088
CD,saliency,limb,0.2,target_matched,0.08074520528316498,0.07630945295095444,0.08525276742875575
CD,saliency,limb,0.2,energy_matched,0.07146704941987991,0.067266196757555,0.07576669752597809
CD,saliency,chest,0.05,independent_zero,0.050072308629751205,0.04664025092497468,0.053578585851937525
CD,saliency,chest,0.05,target_matched,0.050072308629751205,0.04664025092497468,0.053578585851937525
CD,saliency,chest,0.05,energy_matched,0.050072308629751205,0.04664025092497468,0.053578585851937525
CD,saliency,chest,0.1,independent_zero,0.07001522183418274,0.0657637370750308,0.07449653204530478
CD,saliency,chest,0.1,target_matched,0.07001522183418274,0.0657637370750308,0.07449653204530478
CD,saliency,chest,0.1,energy_matched,0.07001522183418274,0.0657637370750308,0.07449653204530478
CD,saliency,chest,0.2,independent_zero,0.09594467282295227,0.09049564171582461,0.10154760461300612
CD,saliency,chest,0.2,target_matched,0.09594467282295227,0.09049564171582461,0.10154760461300612
CD,saliency,chest,0.2,energy_matched,0.09594467282295227,0.09049564171582461,0.10154760461300612
CD,saliency,all,0.05,independent_zero,0.05528506636619568,0.051798109989613296,0.058899385109543796
CD,saliency,all,0.05,target_matched,0.06561457365751266,0.061441637482494114,0.06979361791163682
CD,saliency,all,0.05,energy_matched,0.05718173831701279,0.053609820548444986,0.060891767870634786
CD,saliency,all,0.1,independent_zero,0.07597946375608444,0.07136739026755094,0.0805651357397437
CD,saliency,all,0.1,target_matched,0.08432310819625854,0.0794264491647482,0.08923454098403454
CD,saliency,all,0.1,energy_matched,0.07737486064434052,0.07265888061374426,0.08208004832267761
CD,saliency,all,0.2,independent_zero,0.10567748546600342,0.10018535368144513,0.11139197107404471
CD,saliency,all,0.2,target_matched,0.11413531750440598,0.10868728943169118,0.11990964263677596
CD,saliency,all,0.2,energy_matched,0.10491575300693512,0.09946735631674528,0.11077687535434962
CD,input_gradient,limb,0.05,independent_zero,0.043727073818445206,0.04070207281038165,0.04699624571949244
CD,input_gradient,limb,0.05,target_matched,0.05782626196742058,0.054077453631907704,0.06171286972239613
CD,input_gradient,limb,0.05,energy_matched,0.04890599846839905,0.045674214512109755,0.05246669072657823
CD,input_gradient,limb,0.1,independent_zero,0.057716887444257736,0.05392020894214511,0.06178942453116178
CD,input_gradient,limb,0.1,target_matched,0.07433710992336273,0.06984374932944774,0.07892303094267844
CD,input_gradient,limb,0.1,energy_matched,0.06291651725769043,0.0589101349003613,0.06724911648780107
CD,input_gradient,limb,0.2,independent_zero,0.08099677413702011,0.075926692225039,0.08623775001615286
CD,input_gradient,limb,0.2,target_matched,0.10008807480335236,0.09432482346892357,0.10619668345898389
CD,input_gradient,limb,0.2,energy_matched,0.08855097740888596,0.08305071610957385,0.0942485686391592
CD,input_gradient,chest,0.05,independent_zero,0.05652803182601929,0.05223582638427615,0.061067620571702716
CD,input_gradient,chest,0.05,target_matched,0.05652803182601929,0.05223582638427615,0.061067620571702716
CD,input_gradient,chest,0.05,energy_matched,0.05652803182601929,0.05223582638427615,0.061067620571702716
CD,input_gradient,chest,0.1,independent_zero,0.07156369835138321,0.06661840844899417,0.07661575563251972
CD,input_gradient,chest,0.1,target_matched,0.07156369835138321,0.06661840844899417,0.07661575563251972
CD,input_gradient,chest,0.1,energy_matched,0.07156369835138321,0.06661840844899417,0.07661575563251972
CD,input_gradient,chest,0.2,independent_zero,0.09552647918462753,0.08957279697060586,0.10160346068441865
CD,input_gradient,chest,0.2,target_matched,0.09552647918462753,0.08957279697060586,0.10160346068441865
CD,input_gradient,chest,0.2,energy_matched,0.09552647918462753,0.08957279697060586,0.10160346068441865
CD,input_gradient,all,0.05,independent_zero,0.07169746607542038,0.06698245331645011,0.07675307374447583
CD,input_gradient,all,0.05,target_matched,0.07539332658052444,0.07049603573977947,0.08052311334758996
CD,input_gradient,all,0.05,energy_matched,0.0717863142490387,0.06703021507710219,0.07681481447070837
CD,input_gradient,all,0.1,independent_zero,0.09117335826158524,0.08566243499517441,0.09676713701337575
CD,input_gradient,all,0.1,target_matched,0.09730110317468643,0.09192781075835228,0.1031106598675251
CD,input_gradient,all,0.1,energy_matched,0.0918852835893631,0.0863511897623539,0.09761091694235802
CD,input_gradient,all,0.2,independent_zero,0.1212250217795372,0.11525291688740254,0.12733225747942925
CD,input_gradient,all,0.2,target_matched,0.1316467672586441,0.12541830763220788,0.1380375787615776
CD,input_gradient,all,0.2,energy_matched,0.12295190244913101,0.1169504327699542,0.12922262959182262
CD,integrated_gradients,limb,0.05,independent_zero,0.04082339629530907,0.03799066059291363,0.043911123741418125
CD,integrated_gradients,limb,0.05,target_matched,0.054861102253198624,0.05114257670938969,0.05862586153671145
CD,integrated_gradients,limb,0.05,energy_matched,0.04605860635638237,0.042858563084155324,0.04948719898238778
CD,integrated_gradients,limb,0.1,independent_zero,0.055953387171030045,0.05224344786256552,0.059927056450396775
CD,integrated_gradients,limb,0.1,target_matched,0.06954339146614075,0.06532869972288609,0.07398140113800764
CD,integrated_gradients,limb,0.1,energy_matched,0.060634154826402664,0.05681588146835566,0.06474202554672956
CD,integrated_gradients,limb,0.2,independent_zero,0.07779406756162643,0.07295759879052639,0.08281843736767767
CD,integrated_gradients,limb,0.2,target_matched,0.0965232253074646,0.09098432008177042,0.1022196663543582
CD,integrated_gradients,limb,0.2,energy_matched,0.08296628296375275,0.0779422888532281,0.08823984283953905
CD,integrated_gradients,chest,0.05,independent_zero,0.05657268688082695,0.05240556178614497,0.06090225242078304
CD,integrated_gradients,chest,0.05,target_matched,0.05657268688082695,0.05240556178614497,0.06090225242078304
CD,integrated_gradients,chest,0.05,energy_matched,0.05657268688082695,0.05240556178614497,0.06090225242078304
CD,integrated_gradients,chest,0.1,independent_zero,0.07214907556772232,0.06731638256460429,0.07715775687247514
CD,integrated_gradients,chest,0.1,target_matched,0.07214907556772232,0.06731638256460429,0.07715775687247514
CD,integrated_gradients,chest,0.1,energy_matched,0.07214907556772232,0.06731638256460429,0.07715775687247514
CD,integrated_gradients,chest,0.2,independent_zero,0.09707373380661011,0.09144740626215934,0.10297761410474777
CD,integrated_gradients,chest,0.2,target_matched,0.09707373380661011,0.09144740626215934,0.10297761410474777
CD,integrated_gradients,chest,0.2,energy_matched,0.09707373380661011,0.09144740626215934,0.10297761410474777
CD,integrated_gradients,all,0.05,independent_zero,0.07212632894515991,0.06720280461013317,0.07728999089449644
CD,integrated_gradients,all,0.05,target_matched,0.07540328055620193,0.07056656870990992,0.08050007000565527
CD,integrated_gradients,all,0.05,energy_matched,0.0729997307062149,0.06810336746275425,0.07823410797864198
CD,integrated_gradients,all,0.1,independent_zero,0.09169667959213257,0.0863168178126216,0.0973849343135953
CD,integrated_gradients,all,0.1,target_matched,0.09563476592302322,0.09026280622929335,0.10132910702377557
CD,integrated_gradients,all,0.1,energy_matched,0.09268620610237122,0.08732298873364926,0.09848899021744727
CD,integrated_gradients,all,0.2,independent_zero,0.12732353806495667,0.12121174726635217,0.13369859866797923
CD,integrated_gradients,all,0.2,target_matched,0.1359129399061203,0.1296976398676634,0.14264605790376664
CD,integrated_gradients,all,0.2,energy_matched,0.12837408483028412,0.12205752488225699,0.13485872894525527
CD,random,limb,0.05,independent_zero,0.012913552112877369,0.011763905198313296,0.014187668147496878
CD,random,limb,0.05,target_matched,0.03273247554898262,0.030100752878934146,0.03551781391724944
CD,random,limb,0.05,energy_matched,0.019482968375086784,0.01779799391515553,0.021241255244240163
CD,random,limb,0.1,independent_zero,0.020073916763067245,0.018337586568668483,0.021861302759498356
CD,random,limb,0.1,target_matched,0.05000416561961174,0.04644092870876193,0.0539378828369081
CD,random,limb,0.1,energy_matched,0.029130185022950172,0.026832413813099264,0.03160150749608874
CD,random,limb,0.2,independent_zero,0.03323977440595627,0.03061627843417227,0.03608419382944703
CD,random,limb,0.2,target_matched,0.08792410045862198,0.08259645029902458,0.09332901835441589
CD,random,limb,0.2,energy_matched,0.04556454345583916,0.042018229607492685,0.04921783711761236
CD,random,chest,0.05,independent_zero,0.021075794473290443,0.019278456550091506,0.022977921087294816
CD,random,chest,0.05,target_matched,0.021075794473290443,0.019278456550091506,0.022977921087294816
CD,random,chest,0.05,energy_matched,0.021075794473290443,0.019278456550091506,0.022977921087294816
CD,random,chest,0.1,independent_zero,0.03101855330169201,0.028495215345174074,0.033725252375006676
CD,random,chest,0.1,target_matched,0.03101855330169201,0.028495215345174074,0.033725252375006676
CD,random,chest,0.1,energy_matched,0.03101855330169201,0.028495215345174074,0.033725252375006676
CD,random,chest,0.2,independent_zero,0.05069121718406677,0.0469338545575738,0.054742603749036785
CD,random,chest,0.2,target_matched,0.05069121718406677,0.0469338545575738,0.054742603749036785
CD,random,chest,0.2,energy_matched,0.05069121718406677,0.0469338545575738,0.054742603749036785
CD,random,all,0.05,independent_zero,0.02540910802781582,0.023426029179245234,0.02757489150390029
CD,random,all,0.05,target_matched,0.04207342490553856,0.03879851354286075,0.04548228401690721
CD,random,all,0.05,energy_matched,0.027525849640369415,0.025353197799995543,0.029867379600182174
CD,random,all,0.1,independent_zero,0.04046529904007912,0.03745676809921861,0.04354614885523915
CD,random,all,0.1,target_matched,0.06647027283906937,0.06217816416174173,0.07099855784326792
CD,random,all,0.1,energy_matched,0.04308892786502838,0.039859709329903126,0.046397045627236365
CD,random,all,0.2,independent_zero,0.06750261783599854,0.06325262803584338,0.07212870810180902
CD,random,all,0.2,target_matched,0.12238076329231262,0.11609045285731553,0.12902222461998464
CD,random,all,0.2,energy_matched,0.07247506082057953,0.06800706144422293,0.07727663349360228
